day,domain,status,url,coverage
2026-10-04,leadsupcallcenter.com,scheduled,https://leadsupcallcenter.com/,
2026-10-04,leadsupcallcenter.com,scheduled,https://leadsupcallcenter.com/about,
2026-10-04,leadsupcallcenter.com,scheduled,https://leadsupcallcenter.com/absentee-owner-leads,
2026-10-04,leadsupcallcenter.com,scheduled,https://leadsupcallcenter.com/appointment-setting,
2026-10-04,leadsupcallcenter.com,scheduled,https://leadsupcallcenter.com/audioproof,
2026-10-04,leadsupcallcenter.com,scheduled,https://leadsupcallcenter.com/best-real-estate-cold-calling-companies,
2026-10-04,leadsupcallcenter.com,scheduled,https://leadsupcallcenter.com/best-skip-tracing-service-for-wholesalers,
2026-10-04,leadsupcallcenter.com,scheduled,https://leadsupcallcenter.com/cold-calling-script-pack,
2026-10-04,leadsupcallcenter.com,scheduled,https://leadsupcallcenter.com/cold-calling-vs-direct-mail,
2026-10-04,leadsupcallcenter.com,scheduled,https://leadsupcallcenter.com/cold-emailing,
2026-10-04,weshamarble.com,scheduled,https://weshamarble.com/,
2026-10-04,weshamarble.com,scheduled,https://weshamarble.com/alexandria/,
2026-10-04,weshamarble.com,scheduled,https://weshamarble.com/contractors/,
2026-10-04,weshamarble.com,scheduled,https://weshamarble.com/egypt/,
2026-10-04,weshamarble.com,scheduled,https://weshamarble.com/egyptian/,
2026-10-04,weshamarble.com,scheduled,https://weshamarble.com/granite/,
2026-10-04,weshamarble.com,scheduled,https://weshamarble.com/guide/,
2026-10-04,weshamarble.com,scheduled,https://weshamarble.com/imported/,
2026-10-04,weshamarble.com,scheduled,https://weshamarble.com/installation/,
2026-10-04,weshamarble.com,scheduled,https://weshamarble.com/marble/,
2026-10-04,weshastones.com,scheduled,https://weshastones.com/,
2026-10-04,weshastones.com,scheduled,https://weshastones.com/about/,
2026-10-04,weshastones.com,scheduled,https://weshastones.com/contact/,
2026-10-04,weshastones.com,scheduled,https://weshastones.com/export/,
2026-10-04,weshastones.com,scheduled,https://weshastones.com/finishes/,
2026-10-04,weshastones.com,scheduled,https://weshastones.com/granite/,
2026-10-04,weshastones.com,scheduled,https://weshastones.com/marble/,
2026-10-04,weshastones.com,scheduled,https://weshastones.com/markets/,
2026-10-04,weshastones.com,scheduled,https://weshastones.com/partners/,
2026-10-04,weshastones.com,scheduled,https://weshastones.com/quartz/,
2026-10-05,leadsupcallcenter.com,scheduled,https://leadsupcallcenter.com/contact,
2026-10-05,leadsupcallcenter.com,scheduled,https://leadsupcallcenter.com/guides,
2026-10-05,leadsupcallcenter.com,scheduled,https://leadsupcallcenter.com/lead-types,
2026-10-05,leadsupcallcenter.com,scheduled,https://leadsupcallcenter.com/locations,
2026-10-05,leadsupcallcenter.com,scheduled,https://leadsupcallcenter.com/motivated-seller-leads,
2026-10-05,leadsupcallcenter.com,scheduled,https://leadsupcallcenter.com/pricing,
2026-10-05,leadsupcallcenter.com,scheduled,https://leadsupcallcenter.com/probate-leads,
2026-10-05,leadsupcallcenter.com,scheduled,https://leadsupcallcenter.com/real-estate-cold-calling,
2026-10-05,leadsupcallcenter.com,scheduled,https://leadsupcallcenter.com/real-estate-cold-calling-arizona,
2026-10-05,leadsupcallcenter.com,scheduled,https://leadsupcallcenter.com/real-estate-cold-calling-california,
2026-10-05,weshamarble.com,scheduled,https://weshamarble.com/imported/brazil/,
2026-10-05,weshamarble.com,scheduled,https://weshamarble.com/imported/china/,
2026-10-05,weshamarble.com,scheduled,https://weshamarble.com/imported/india/,
2026-10-05,weshamarble.com,scheduled,https://weshamarble.com/imported/italy/,
2026-10-05,weshamarble.com,scheduled,https://weshamarble.com/imported/norway/,
2026-10-05,weshamarble.com,scheduled,https://weshamarble.com/north-coast/,
2026-10-05,weshamarble.com,scheduled,https://weshamarble.com/onyx/,
2026-10-05,weshamarble.com,scheduled,https://weshamarble.com/polishing/,
2026-10-05,weshamarble.com,scheduled,https://weshamarble.com/quartz/,
2026-10-05,weshamarble.com,scheduled,https://weshamarble.com/uses/,
2026-10-05,weshastones.com,scheduled,https://weshastones.com/markets/algeria/,
2026-10-05,weshastones.com,scheduled,https://weshastones.com/markets/china/,
2026-10-05,weshastones.com,scheduled,https://weshastones.com/markets/egypt/,
2026-10-05,weshastones.com,scheduled,https://weshastones.com/markets/france/,
2026-10-05,weshastones.com,scheduled,https://weshastones.com/markets/germany/,
2026-10-05,weshastones.com,scheduled,https://weshastones.com/markets/hungary/,
2026-10-05,weshastones.com,scheduled,https://weshastones.com/markets/india/,
2026-10-05,weshastones.com,scheduled,https://weshastones.com/semi-precious/,
2026-10-05,weshastones.com,scheduled,https://weshastones.com/stones-and-textures/,
2026-10-05,weshastones.com,scheduled,https://weshastones.com/stones/,
2026-10-06,leadsupcallcenter.com,scheduled,https://leadsupcallcenter.com/real-estate-cold-calling-cost,
2026-10-06,leadsupcallcenter.com,scheduled,https://leadsupcallcenter.com/real-estate-cold-calling-florida,
2026-10-06,leadsupcallcenter.com,scheduled,https://leadsupcallcenter.com/real-estate-cold-calling-georgia,
2026-10-06,leadsupcallcenter.com,scheduled,https://leadsupcallcenter.com/real-estate-cold-calling-north-carolina,
2026-10-06,leadsupcallcenter.com,scheduled,https://leadsupcallcenter.com/real-estate-cold-calling-ohio,
2026-10-06,leadsupcallcenter.com,scheduled,https://leadsupcallcenter.com/real-estate-cold-calling-scripts,
2026-10-06,leadsupcallcenter.com,scheduled,https://leadsupcallcenter.com/real-estate-cold-calling-tennessee,
2026-10-06,leadsupcallcenter.com,scheduled,https://leadsupcallcenter.com/real-estate-cold-calling-texas,
2026-10-06,leadsupcallcenter.com,scheduled,https://leadsupcallcenter.com/real-estate-virtual-assistant,
2026-10-06,leadsupcallcenter.com,scheduled,https://leadsupcallcenter.com/results,
2026-10-06,weshamarble.com,scheduled,https://weshamarble.com/imported/spain/,
2026-10-06,weshamarble.com,scheduled,https://weshamarble.com/imported/turkey/,
2026-10-06,weshamarble.com,scheduled,https://weshamarble.com/uses/bathroom-vanities/,
2026-10-06,weshamarble.com,scheduled,https://weshamarble.com/uses/feature-walls/,
2026-10-06,weshamarble.com,scheduled,https://weshamarble.com/uses/floors/,
2026-10-06,weshamarble.com,scheduled,https://weshamarble.com/uses/kitchen-countertops/,
2026-10-06,weshamarble.com,scheduled,https://weshamarble.com/uses/outdoor/,
2026-10-06,weshamarble.com,scheduled,https://weshamarble.com/uses/stairs/,
2026-10-06,weshamarble.com,scheduled,https://weshamarble.com/uses/tables-furniture/,
2026-10-06,weshamarble.com,scheduled,https://weshamarble.com/uses/wall-cladding/,
2026-10-06,weshastones.com,scheduled,https://weshastones.com/markets/iraq/,
2026-10-06,weshastones.com,scheduled,https://weshastones.com/markets/italy/,
2026-10-06,weshastones.com,scheduled,https://weshastones.com/markets/jordan/,
2026-10-06,weshastones.com,scheduled,https://weshastones.com/markets/kenya/,
2026-10-06,weshastones.com,scheduled,https://weshastones.com/markets/kuwait/,
2026-10-06,weshastones.com,scheduled,https://weshastones.com/markets/lebanon/,
2026-10-06,weshastones.com,scheduled,https://weshastones.com/markets/libya/,
2026-10-06,weshastones.com,scheduled,https://weshastones.com/markets/montenegro/,
2026-10-06,weshastones.com,scheduled,https://weshastones.com/markets/morocco/,
2026-10-06,weshastones.com,scheduled,https://weshastones.com/markets/qatar/,
2026-10-07,leadsupcallcenter.com,scheduled,https://leadsupcallcenter.com/roofing-leads,
2026-10-07,leadsupcallcenter.com,scheduled,https://leadsupcallcenter.com/roofing-leads-cost,
2026-10-07,leadsupcallcenter.com,scheduled,https://leadsupcallcenter.com/services,
2026-10-07,leadsupcallcenter.com,scheduled,https://leadsupcallcenter.com/skip-tracing,
2026-10-07,leadsupcallcenter.com,scheduled,https://leadsupcallcenter.com/solar-leads,
2026-10-07,leadsupcallcenter.com,scheduled,https://leadsupcallcenter.com/text-blasting,
2026-10-07,leadsupcallcenter.com,scheduled,https://leadsupcallcenter.com/website-design-seo,
2026-10-07,leadsupcallcenter.com,scheduled,https://leadsupcallcenter.com/who-we-help,
2026-10-07,leadsupcallcenter.com,scheduled,https://leadsupcallcenter.com/wholesaling-cold-calling,
2026-10-07,leadsupcallcenter.com,scheduled,https://leadsupcallcenter.com/wholesaling-cold-calling-script,
2026-10-07,weshamarble.com,scheduled,https://weshamarble.com/about/,
2026-10-07,weshamarble.com,scheduled,https://weshamarble.com/guide/how-to-measure/,
2026-10-07,weshamarble.com,scheduled,https://weshamarble.com/guide/what-decides-the-price/,
2026-10-07,weshamarble.com,scheduled,https://weshamarble.com/marble/botticino-classico/,
2026-10-07,weshamarble.com,scheduled,https://weshamarble.com/marble/breccia-daino/,
2026-10-07,weshamarble.com,scheduled,https://weshamarble.com/marble/burdur-beige/,
2026-10-07,weshamarble.com,scheduled,https://weshamarble.com/quote/,
2026-10-07,weshamarble.com,scheduled,https://weshamarble.com/showroom/,
2026-10-07,weshamarble.com,scheduled,https://weshamarble.com/uses/window-sills/,
2026-10-07,weshamarble.com,scheduled,https://weshamarble.com/visit/,
2026-10-07,weshastones.com,scheduled,https://weshastones.com/cut-to-size/,
2026-10-07,weshastones.com,scheduled,https://weshastones.com/markets/romania/,
2026-10-07,weshastones.com,scheduled,https://weshastones.com/markets/saudi-arabia/,
2026-10-07,weshastones.com,scheduled,https://weshastones.com/markets/spain/,
2026-10-07,weshastones.com,scheduled,https://weshastones.com/markets/switzerland/,
2026-10-07,weshastones.com,scheduled,https://weshastones.com/markets/tunisia/,
2026-10-07,weshastones.com,scheduled,https://weshastones.com/markets/turkey/,
2026-10-07,weshastones.com,scheduled,https://weshastones.com/markets/united-arab-emirates/,
2026-10-07,weshastones.com,scheduled,https://weshastones.com/markets/united-kingdom/,
2026-10-07,weshastones.com,scheduled,https://weshastones.com/markets/united-states/,
2026-10-08,leadsupcallcenter.com,scheduled,https://leadsupcallcenter.com/privacy,
2026-10-08,leadsupcallcenter.com,scheduled,https://leadsupcallcenter.com/terms,
2026-10-08,weshamarble.com,scheduled,https://weshamarble.com/guide/beige-marbles-compared/,
2026-10-08,weshamarble.com,scheduled,https://weshamarble.com/marble/bianco-carrara/,
2026-10-08,weshamarble.com,scheduled,https://weshamarble.com/marble/calacatta-eureka/,
2026-10-08,weshamarble.com,scheduled,https://weshamarble.com/marble/dark-emperador/,
2026-10-08,weshamarble.com,scheduled,https://weshamarble.com/marble/galala-classic/,
2026-10-08,weshamarble.com,scheduled,https://weshamarble.com/marble/light-turkish-emperador/,
2026-10-08,weshamarble.com,scheduled,https://weshamarble.com/marble/panda-white/,
2026-10-08,weshamarble.com,scheduled,https://weshamarble.com/marble/silvia-menia/,
2026-10-08,weshamarble.com,scheduled,https://weshamarble.com/marble/travertines-beige/,
2026-10-08,weshamarble.com,scheduled,https://weshamarble.com/marble/triesta/,
2026-10-08,weshastones.com,scheduled,https://weshastones.com/container-loading/,
2026-10-08,weshastones.com,scheduled,https://weshastones.com/egyptian-limestone/,
2026-10-08,weshastones.com,scheduled,https://weshastones.com/granite-floor-tiles/,
2026-10-08,weshastones.com,scheduled,https://weshastones.com/granite-kerbs/,
2026-10-08,weshastones.com,scheduled,https://weshastones.com/granite-setts/,
2026-10-08,weshastones.com,scheduled,https://weshastones.com/granite/aswan-red/,
2026-10-08,weshastones.com,scheduled,https://weshastones.com/granite/grey-aswan/,
2026-10-08,weshastones.com,scheduled,https://weshastones.com/marble/galala-classic/,
2026-10-08,weshastones.com,scheduled,https://weshastones.com/marble/sunny-menia/,
2026-10-08,weshastones.com,scheduled,https://weshastones.com/stone-price-factors/,
2026-10-09,weshamarble.com,scheduled,https://weshamarble.com/granite/black-pearl/,
2026-10-09,weshamarble.com,scheduled,https://weshamarble.com/granite/blue-pearl/,
2026-10-09,weshamarble.com,scheduled,https://weshamarble.com/marble/botticino-fiorito/,
2026-10-09,weshamarble.com,scheduled,https://weshamarble.com/marble/colour/beige/,
2026-10-09,weshamarble.com,scheduled,https://weshamarble.com/marble/crema-altea/,
2026-10-09,weshamarble.com,scheduled,https://weshamarble.com/marble/nacarado/,
2026-10-09,weshamarble.com,scheduled,https://weshamarble.com/marble/perlato-sicilia/,
2026-10-09,weshamarble.com,scheduled,https://weshamarble.com/marble/statuario/,
2026-10-09,weshamarble.com,scheduled,https://weshamarble.com/marble/sunny-menia/,
2026-10-09,weshamarble.com,scheduled,https://weshamarble.com/marble/travertine-noce-vein-cut/,
2026-10-09,weshastones.com,scheduled,https://weshastones.com/egyptian-beige-marble/,
2026-10-09,weshastones.com,scheduled,https://weshastones.com/granite/bianco-halayeb/,
2026-10-09,weshastones.com,scheduled,https://weshastones.com/granite/black-aswan/,
2026-10-09,weshastones.com,scheduled,https://weshastones.com/granite/gandola/,
2026-10-09,weshastones.com,scheduled,https://weshastones.com/granite/red-aswan-dark/,
2026-10-09,weshastones.com,scheduled,https://weshastones.com/granite/white-safaga/,
2026-10-09,weshastones.com,scheduled,https://weshastones.com/marble/beige-menia/,
2026-10-09,weshastones.com,scheduled,https://weshastones.com/marble/galala-extra/,
2026-10-09,weshastones.com,scheduled,https://weshastones.com/marble/royal-beige/,
2026-10-09,weshastones.com,scheduled,https://weshastones.com/marble/silvia-menia/,
2026-10-10,weshamarble.com,scheduled,https://weshamarble.com/granite/ubatuba/,
2026-10-10,weshamarble.com,scheduled,https://weshamarble.com/marble/arabescato/,
2026-10-10,weshamarble.com,scheduled,https://weshamarble.com/marble/armani-brown/,
2026-10-10,weshamarble.com,scheduled,https://weshamarble.com/marble/asian-emperador/,
2026-10-10,weshamarble.com,scheduled,https://weshamarble.com/marble/crema-delicato/,
2026-10-10,weshamarble.com,scheduled,https://weshamarble.com/marble/equator/,
2026-10-10,weshamarble.com,scheduled,https://weshamarble.com/marble/imperial-danby/,
2026-10-10,weshamarble.com,scheduled,https://weshamarble.com/marble/silver-wave/,
2026-10-10,weshamarble.com,scheduled,https://weshamarble.com/quartz/q-calacatta-gold-01/,
2026-10-10,weshamarble.com,scheduled,https://weshamarble.com/quartz/q-panda-vein-14/,
2026-10-10,weshastones.com,scheduled,https://weshastones.com/granite/hoody-dark/,
2026-10-10,weshastones.com,scheduled,https://weshastones.com/granite/new-halayeb/,
2026-10-10,weshastones.com,scheduled,https://weshastones.com/granite/red-aswan-light/,
2026-10-10,weshastones.com,scheduled,https://weshastones.com/marble/crema-egypt/,
2026-10-10,weshastones.com,scheduled,https://weshastones.com/marble/hashma-beige/,
2026-10-10,weshastones.com,scheduled,https://weshastones.com/marble/imperial-grey/,
2026-10-10,weshastones.com,scheduled,https://weshastones.com/marble/perlato-galala/,
2026-10-10,weshastones.com,scheduled,https://weshastones.com/marble/sunny-medium/,
2026-10-10,weshastones.com,scheduled,https://weshastones.com/marble/sunny-oro-light/,
2026-10-10,weshastones.com,scheduled,https://weshastones.com/marble/sunny-oro/,
2026-10-11,weshamarble.com,scheduled,https://weshamarble.com/granite/aswan-red/,
2026-10-11,weshamarble.com,scheduled,https://weshamarble.com/granite/emerald-pearl/,
2026-10-11,weshamarble.com,scheduled,https://weshamarble.com/guide/care-and-cleaning/,
2026-10-11,weshamarble.com,scheduled,https://weshamarble.com/marble/arabescato-montclair/,
2026-10-11,weshamarble.com,scheduled,https://weshamarble.com/marble/bardiglio-imperiale/,
2026-10-11,weshamarble.com,scheduled,https://weshamarble.com/marble/bardiglio/,
2026-10-11,weshamarble.com,scheduled,https://weshamarble.com/marble/bianco-sivec/,
2026-10-11,weshamarble.com,scheduled,https://weshamarble.com/marble/grey-orobico/,
2026-10-11,weshamarble.com,scheduled,https://weshamarble.com/marble/ocean-floor/,
2026-10-11,weshamarble.com,scheduled,https://weshamarble.com/marble/pietra-grey/,
2026-10-11,weshastones.com,scheduled,https://weshastones.com/egyptian-yellow-marble/,
2026-10-11,weshastones.com,scheduled,https://weshastones.com/granite/grey-el-sherka/,
2026-10-11,weshastones.com,scheduled,https://weshastones.com/granite/karnak-grey/,
2026-10-11,weshastones.com,scheduled,https://weshastones.com/granite/rosa-el-nasr/,
2026-10-11,weshastones.com,scheduled,https://weshastones.com/granite/sahara-brown/,
2026-10-11,weshastones.com,scheduled,https://weshastones.com/marble/milly-gray/,
2026-10-11,weshastones.com,scheduled,https://weshastones.com/marble/royal-grey/,
2026-10-11,weshastones.com,scheduled,https://weshastones.com/marble/sinai-pearl/,
2026-10-11,weshastones.com,scheduled,https://weshastones.com/marble/triesta/,
2026-10-11,weshastones.com,scheduled,https://weshastones.com/semi-precious/brown-agate/,
2026-10-12,weshamarble.com,scheduled,https://weshamarble.com/granite/iron-red/,
2026-10-12,weshamarble.com,scheduled,https://weshamarble.com/granite/paradisio/,
2026-10-12,weshamarble.com,scheduled,https://weshamarble.com/granite/star-galaxy/,
2026-10-12,weshamarble.com,scheduled,https://weshamarble.com/marble/colour/cream/,
2026-10-12,weshamarble.com,scheduled,https://weshamarble.com/marble/forest-brown/,
2026-10-12,weshamarble.com,scheduled,https://weshamarble.com/marble/imperial-grey/,
2026-10-12,weshamarble.com,scheduled,https://weshamarble.com/marble/milly-gray/,
2026-10-12,weshamarble.com,scheduled,https://weshamarble.com/marble/palissandro/,
2026-10-12,weshamarble.com,scheduled,https://weshamarble.com/quartz/q-panda-white-25/,
2026-10-12,weshamarble.com,scheduled,https://weshamarble.com/quartz/q-pure-white-04/,
2026-10-12,weshastones.com,scheduled,https://weshastones.com/factory-videos/block-yard/,
2026-10-12,weshastones.com,scheduled,https://weshastones.com/factory-videos/covered-hall/,
2026-10-12,weshastones.com,scheduled,https://weshastones.com/factory-videos/gangsaw/,
2026-10-12,weshastones.com,scheduled,https://weshastones.com/factory-videos/open-ground/,
2026-10-12,weshastones.com,scheduled,https://weshastones.com/factory-videos/production-line/,
2026-10-12,weshastones.com,scheduled,https://weshastones.com/factory-videos/workshop/,
2026-10-12,weshastones.com,scheduled,https://weshastones.com/granite/breccia-fawakhir/,
2026-10-12,weshastones.com,scheduled,https://weshastones.com/granite/hoody-light/,
2026-10-12,weshastones.com,scheduled,https://weshastones.com/granite/hurghada-red/,
2026-10-12,weshastones.com,scheduled,https://weshastones.com/granite/white-aswan/,
2026-10-13,weshamarble.com,scheduled,https://weshamarble.com/granite/balmoral/,
2026-10-13,weshamarble.com,scheduled,https://weshamarble.com/granite/imperial-red/,
2026-10-13,weshamarble.com,scheduled,https://weshamarble.com/granite/indian-black/,
2026-10-13,weshamarble.com,scheduled,https://weshamarble.com/granite/red-multicolor/,
2026-10-13,weshamarble.com,scheduled,https://weshamarble.com/granite/tan-brown/,
2026-10-13,weshamarble.com,scheduled,https://weshamarble.com/guide/finishes-explained/,
2026-10-13,weshamarble.com,scheduled,https://weshamarble.com/marble/colour/grey/,
2026-10-13,weshamarble.com,scheduled,https://weshamarble.com/marble/colour/white/,
2026-10-13,weshamarble.com,scheduled,https://weshamarble.com/marble/forest-green/,
2026-10-13,weshamarble.com,scheduled,https://weshamarble.com/marble/giallo-siena/,
2026-10-13,weshastones.com,scheduled,https://weshastones.com/granite/ghazal-dark/,
2026-10-13,weshastones.com,scheduled,https://weshastones.com/granite/ghiandone-aswan/,
2026-10-13,weshastones.com,scheduled,https://weshastones.com/granite/halayeb/,
2026-10-13,weshastones.com,scheduled,https://weshastones.com/granite/rosa-marwa/,
2026-10-13,weshastones.com,scheduled,https://weshastones.com/granite/verde-ghazal/,
2026-10-13,weshastones.com,scheduled,https://weshastones.com/marble/beige-dune/,
2026-10-13,weshastones.com,scheduled,https://weshastones.com/marble/breccia-sinai/,
2026-10-13,weshastones.com,scheduled,https://weshastones.com/marble/egyptian-alabaster/,
2026-10-13,weshastones.com,scheduled,https://weshastones.com/marble/golden-cream-flower/,
2026-10-13,weshastones.com,scheduled,https://weshastones.com/marble/golden-sinai/,
2026-10-14,weshamarble.com,scheduled,https://weshamarble.com/granite/azul-aran/,
2026-10-14,weshamarble.com,scheduled,https://weshamarble.com/granite/hoody-dark/,
2026-10-14,weshamarble.com,scheduled,https://weshamarble.com/marble/breccia-aurora/,
2026-10-14,weshamarble.com,scheduled,https://weshamarble.com/marble/coffee-wood-vein/,
2026-10-14,weshamarble.com,scheduled,https://weshamarble.com/marble/crema-valencia/,
2026-10-14,weshamarble.com,scheduled,https://weshamarble.com/marble/dark-olive/,
2026-10-14,weshamarble.com,scheduled,https://weshamarble.com/marble/dark-turkish-emperador/,
2026-10-14,weshamarble.com,scheduled,https://weshamarble.com/marble/khatmeya/,
2026-10-14,weshamarble.com,scheduled,https://weshamarble.com/marble/rainbow-sandstone/,
2026-10-14,weshamarble.com,scheduled,https://weshamarble.com/marble/rosso-alicante/,
2026-10-14,weshastones.com,scheduled,https://weshastones.com/marble/egyptian-botticino/,
2026-10-14,weshastones.com,scheduled,https://weshastones.com/marble/fillito/,
2026-10-14,weshastones.com,scheduled,https://weshastones.com/marble/galala-gold/,
2026-10-14,weshastones.com,scheduled,https://weshastones.com/marble/golden-cream-vein/,
2026-10-14,weshastones.com,scheduled,https://weshastones.com/marble/imperial-grey-dark/,
2026-10-14,weshastones.com,scheduled,https://weshastones.com/quartz/cement-ash-q/,
2026-10-14,weshastones.com,scheduled,https://weshastones.com/quartz/pure-white-q/,
2026-10-14,weshastones.com,scheduled,https://weshastones.com/semi-precious/beige-onyx/,
2026-10-14,weshastones.com,scheduled,https://weshastones.com/semi-precious/ice-white-onyx/,
2026-10-14,weshastones.com,scheduled,https://weshastones.com/semi-precious/onyx-miele/,
2026-10-15,weshamarble.com,scheduled,https://weshamarble.com/granite/charme/,
2026-10-15,weshamarble.com,scheduled,https://weshamarble.com/granite/grey-aswan/,
2026-10-15,weshamarble.com,scheduled,https://weshamarble.com/granite/red-aswan-light/,
2026-10-15,weshamarble.com,scheduled,https://weshamarble.com/granite/san-francisco/,
2026-10-15,weshamarble.com,scheduled,https://weshamarble.com/marble/colored-slate/,
2026-10-15,weshamarble.com,scheduled,https://weshamarble.com/marble/spanish-gold/,
2026-10-15,weshamarble.com,scheduled,https://weshamarble.com/onyx/beige-onyx/,
2026-10-15,weshamarble.com,scheduled,https://weshamarble.com/quartz/colour/white/,
2026-10-15,weshamarble.com,scheduled,https://weshamarble.com/quartz/q-calacatta-grey-gold-06/,
2026-10-15,weshamarble.com,scheduled,https://weshamarble.com/quartz/q-calacatta-white-02/,
2026-10-15,weshastones.com,scheduled,https://weshastones.com/factory-videos/,
2026-10-15,weshastones.com,scheduled,https://weshastones.com/granite/forsan-red/,
2026-10-15,weshastones.com,scheduled,https://weshastones.com/granite/rosa-sinai/,
2026-10-15,weshastones.com,scheduled,https://weshastones.com/marble/cleopatra/,
2026-10-15,weshastones.com,scheduled,https://weshastones.com/marble/samaha/,
2026-10-15,weshastones.com,scheduled,https://weshastones.com/marble/sunny-dark/,
2026-10-15,weshastones.com,scheduled,https://weshastones.com/quartz/concrete-grey-q/,
2026-10-15,weshastones.com,scheduled,https://weshastones.com/quartz/marquina-black-q/,
2026-10-15,weshastones.com,scheduled,https://weshastones.com/quartz/super-white-q/,
2026-10-15,weshastones.com,scheduled,https://weshastones.com/semi-precious/petrified-wood-retro/,
2026-10-16,weshamarble.com,scheduled,https://weshamarble.com/granite/azul-macauba/,
2026-10-16,weshamarble.com,scheduled,https://weshamarble.com/granite/black-aswan/,
2026-10-16,weshamarble.com,scheduled,https://weshamarble.com/granite/forsan-red/,
2026-10-16,weshamarble.com,scheduled,https://weshamarble.com/granite/indian-juparana/,
2026-10-16,weshamarble.com,scheduled,https://weshamarble.com/granite/karnak-grey/,
2026-10-16,weshamarble.com,scheduled,https://weshamarble.com/granite/red-aswan-dark/,
2026-10-16,weshamarble.com,scheduled,https://weshamarble.com/granite/tropical-green/,
2026-10-16,weshamarble.com,scheduled,https://weshamarble.com/marble/emperador-miele/,
2026-10-16,weshamarble.com,scheduled,https://weshamarble.com/marble/nero-marquina/,
2026-10-16,weshamarble.com,scheduled,https://weshamarble.com/marble/travertino-colored/,
2026-10-16,weshastones.com,scheduled,https://weshastones.com/granite/verde-ghazal-light/,
2026-10-16,weshastones.com,scheduled,https://weshastones.com/marble/breccia-menia/,
2026-10-16,weshastones.com,scheduled,https://weshastones.com/marble/katrina/,
2026-10-16,weshastones.com,scheduled,https://weshastones.com/marble/khatmeya/,
2026-10-16,weshastones.com,scheduled,https://weshastones.com/marble/new-milly-gray/,
2026-10-16,weshastones.com,scheduled,https://weshastones.com/quartz/sahara-gold-q/,
2026-10-16,weshastones.com,scheduled,https://weshastones.com/semi-precious/blue-agate/,
2026-10-16,weshastones.com,scheduled,https://weshastones.com/semi-precious/champagne-onyx/,
2026-10-16,weshastones.com,scheduled,https://weshastones.com/semi-precious/ice-quartz/,
2026-10-16,weshastones.com,scheduled,https://weshastones.com/semi-precious/picture-jasper/,
2026-10-17,weshamarble.com,scheduled,https://weshamarble.com/granite/vizag/,
2026-10-17,weshamarble.com,scheduled,https://weshamarble.com/marble/black-wooden-vein/,
2026-10-17,weshamarble.com,scheduled,https://weshamarble.com/marble/breccia-oniciata/,
2026-10-17,weshamarble.com,scheduled,https://weshamarble.com/marble/golden-sinai/,
2026-10-17,weshamarble.com,scheduled,https://weshamarble.com/marble/goldi/,
2026-10-17,weshamarble.com,scheduled,https://weshamarble.com/marble/mugla-white/,
2026-10-17,weshamarble.com,scheduled,https://weshamarble.com/marble/red-travertine/,
2026-10-17,weshamarble.com,scheduled,https://weshamarble.com/marble/rosso-levanto/,
2026-10-17,weshamarble.com,scheduled,https://weshamarble.com/marble/rusty-slate/,
2026-10-17,weshamarble.com,scheduled,https://weshamarble.com/marble/travertines-yellow/,
2026-10-17,weshastones.com,scheduled,https://weshastones.com/quartz/terrazzo-nile-q/,
2026-10-17,weshastones.com,scheduled,https://weshastones.com/semi-precious/brown-onyx/,
2026-10-17,weshastones.com,scheduled,https://weshastones.com/semi-precious/colorful-onyx/,
2026-10-17,weshastones.com,scheduled,https://weshastones.com/semi-precious/dumortierite/,
2026-10-17,weshastones.com,scheduled,https://weshastones.com/semi-precious/green-onyx/,
2026-10-17,weshastones.com,scheduled,https://weshastones.com/semi-precious/grey-agate/,
2026-10-17,weshastones.com,scheduled,https://weshastones.com/semi-precious/ocean-jasper/,
2026-10-17,weshastones.com,scheduled,https://weshastones.com/semi-precious/onyx-miele-flower/,
2026-10-17,weshastones.com,scheduled,https://weshastones.com/semi-precious/red-dragon-onyx/,
2026-10-17,weshastones.com,scheduled,https://weshastones.com/semi-precious/tiger-eye/,
2026-10-18,weshamarble.com,scheduled,https://weshamarble.com/granite/atlantic-blue/,
2026-10-18,weshamarble.com,scheduled,https://weshamarble.com/granite/ghiandone-aswan/,
2026-10-18,weshamarble.com,scheduled,https://weshamarble.com/granite/grey-el-sherka/,
2026-10-18,weshamarble.com,scheduled,https://weshamarble.com/granite/luise-blue/,
2026-10-18,weshamarble.com,scheduled,https://weshamarble.com/granite/new-halayeb/,
2026-10-18,weshamarble.com,scheduled,https://weshamarble.com/guide/how-installation-works/,
2026-10-18,weshamarble.com,scheduled,https://weshamarble.com/marble/colour/brown/,
2026-10-18,weshamarble.com,scheduled,https://weshamarble.com/marble/rosso-orobico/,
2026-10-18,weshamarble.com,scheduled,https://weshamarble.com/marble/rosso-verona/,
2026-10-18,weshamarble.com,scheduled,https://weshamarble.com/marble/travertino-navona/,
2026-10-18,weshastones.com,scheduled,https://weshastones.com/egyptian-granite/,
2026-10-18,weshastones.com,scheduled,https://weshastones.com/marble/goldi/,
2026-10-18,weshastones.com,scheduled,https://weshastones.com/quartz/calacatta-nile/,
2026-10-18,weshastones.com,scheduled,https://weshastones.com/quartz/carrara-mist/,
2026-10-18,weshastones.com,scheduled,https://weshastones.com/quartz/statuario-alba/,
2026-10-18,weshastones.com,scheduled,https://weshastones.com/semi-precious/amethyst/,
2026-10-18,weshastones.com,scheduled,https://weshastones.com/semi-precious/apple-jasper/,
2026-10-18,weshastones.com,scheduled,https://weshastones.com/semi-precious/indian-onyx/,
2026-10-18,weshastones.com,scheduled,https://weshastones.com/semi-precious/light-green-onyx/,
2026-10-18,weshastones.com,scheduled,https://weshastones.com/semi-precious/rose-quartz/,
2026-10-19,weshamarble.com,scheduled,https://weshamarble.com/granite/azul-bahia/,
2026-10-19,weshamarble.com,scheduled,https://weshamarble.com/granite/baltic-brown/,
2026-10-19,weshamarble.com,scheduled,https://weshamarble.com/granite/colour/red/,
2026-10-19,weshamarble.com,scheduled,https://weshamarble.com/granite/rosa-royal/,
2026-10-19,weshamarble.com,scheduled,https://weshamarble.com/granite/volga-blue/,
2026-10-19,weshamarble.com,scheduled,https://weshamarble.com/marble/colour/golden/,
2026-10-19,weshamarble.com,scheduled,https://weshamarble.com/marble/fior-di-pesco/,
2026-10-19,weshamarble.com,scheduled,https://weshamarble.com/marble/sea-grey/,
2026-10-19,weshamarble.com,scheduled,https://weshamarble.com/marble/sunny-dark/,
2026-10-19,weshamarble.com,scheduled,https://weshamarble.com/onyx/green-onyx/,
2026-10-19,weshastones.com,scheduled,https://weshastones.com/ar/,
2026-10-19,weshastones.com,scheduled,https://weshastones.com/ar/contact/,
2026-10-19,weshastones.com,scheduled,https://weshastones.com/ar/egyptian-granite/,
2026-10-19,weshastones.com,scheduled,https://weshastones.com/ar/egyptian-marble/,
2026-10-19,weshastones.com,scheduled,https://weshastones.com/ar/markets/iraq/,
2026-10-19,weshastones.com,scheduled,https://weshastones.com/ar/markets/libya/,
2026-10-19,weshastones.com,scheduled,https://weshastones.com/ar/markets/saudi-arabia/,
2026-10-19,weshastones.com,scheduled,https://weshastones.com/ar/partners/,
2026-10-19,weshastones.com,scheduled,https://weshastones.com/halayeb-granite/,
2026-10-19,weshastones.com,scheduled,https://weshastones.com/semi-precious/yellow-quartz/,
2026-10-20,weshamarble.com,scheduled,https://weshamarble.com/granite/breccia-fawakhir/,
2026-10-20,weshamarble.com,scheduled,https://weshamarble.com/granite/gandola/,
2026-10-20,weshamarble.com,scheduled,https://weshamarble.com/granite/ghazal-dark/,
2026-10-20,weshamarble.com,scheduled,https://weshamarble.com/granite/hoody-light/,
2026-10-20,weshamarble.com,scheduled,https://weshamarble.com/granite/nero-zimbabwe/,
2026-10-20,weshamarble.com,scheduled,https://weshamarble.com/marble/golden-black/,
2026-10-20,weshamarble.com,scheduled,https://weshamarble.com/marble/red-aghadir/,
2026-10-20,weshamarble.com,scheduled,https://weshamarble.com/marble/rosso-sicilia/,
2026-10-20,weshamarble.com,scheduled,https://weshamarble.com/marble/rouge-de-roi/,
2026-10-20,weshamarble.com,scheduled,https://weshamarble.com/onyx/onyx-miele/,
2026-10-20,weshastones.com,scheduled,https://weshastones.com/ar/cut-to-size/,
2026-10-20,weshastones.com,scheduled,https://weshastones.com/ar/granite-kerbs/,
2026-10-20,weshastones.com,scheduled,https://weshastones.com/ar/granite-paving/,
2026-10-20,weshastones.com,scheduled,https://weshastones.com/ar/granite-stairs/,
2026-10-20,weshastones.com,scheduled,https://weshastones.com/ar/granite-tiles/,
2026-10-20,weshastones.com,scheduled,https://weshastones.com/ar/markets/uae/,
2026-10-20,weshastones.com,scheduled,https://weshastones.com/ar/stone/aswan-red/,
2026-10-20,weshastones.com,scheduled,https://weshastones.com/ar/stone/black-aswan/,
2026-10-20,weshastones.com,scheduled,https://weshastones.com/ar/stone/galala-classic/,
2026-10-20,weshastones.com,scheduled,https://weshastones.com/ar/stone/new-halayeb/,
2026-10-21,weshamarble.com,scheduled,https://weshamarble.com/granite/ocean-black/,
2026-10-21,weshamarble.com,scheduled,https://weshamarble.com/granite/rosa-el-nasr/,
2026-10-21,weshamarble.com,scheduled,https://weshamarble.com/granite/rosa-sinai/,
2026-10-21,weshamarble.com,scheduled,https://weshamarble.com/guide/choosing-a-kitchen-countertop/,
2026-10-21,weshamarble.com,scheduled,https://weshamarble.com/marble/portoro/,
2026-10-21,weshamarble.com,scheduled,https://weshamarble.com/marble/rosa-norvegia/,
2026-10-21,weshamarble.com,scheduled,https://weshamarble.com/marble/travertino-rose/,
2026-10-21,weshamarble.com,scheduled,https://weshamarble.com/onyx/apple-jasper/,
2026-10-21,weshamarble.com,scheduled,https://weshamarble.com/onyx/brown-agate/,
2026-10-21,weshamarble.com,scheduled,https://weshamarble.com/onyx/honey-onyx/,
2026-10-21,weshastones.com,scheduled,https://weshastones.com/ar/stone/crema-egypt/,
2026-10-21,weshastones.com,scheduled,https://weshastones.com/ar/stone/galala-extra/,
2026-10-21,weshastones.com,scheduled,https://weshastones.com/ar/stone/gandola/,
2026-10-21,weshastones.com,scheduled,https://weshastones.com/ar/stone/grey-aswan/,
2026-10-21,weshastones.com,scheduled,https://weshastones.com/ar/stone/grey-el-sherka/,
2026-10-21,weshastones.com,scheduled,https://weshastones.com/ar/stone/imperial-grey/,
2026-10-21,weshastones.com,scheduled,https://weshastones.com/ar/stone/red-aswan-dark/,
2026-10-21,weshastones.com,scheduled,https://weshastones.com/ar/stone/red-aswan-light/,
2026-10-21,weshastones.com,scheduled,https://weshastones.com/ar/stone/sunny-menia/,
2026-10-21,weshastones.com,scheduled,https://weshastones.com/ar/stone/white-safaga/,
2026-10-22,weshamarble.com,scheduled,https://weshamarble.com/granite/tiger-skin/,
2026-10-22,weshamarble.com,scheduled,https://weshamarble.com/granite/verde-ghazal/,
2026-10-22,weshamarble.com,scheduled,https://weshamarble.com/guide/egyptian-vs-imported/,
2026-10-22,weshamarble.com,scheduled,https://weshamarble.com/guide/marble-granite-quartz/,
2026-10-22,weshamarble.com,scheduled,https://weshamarble.com/marble/asian-nero-marquina/,
2026-10-22,weshamarble.com,scheduled,https://weshamarble.com/marble/rosa-portogallo/,
2026-10-22,weshamarble.com,scheduled,https://weshamarble.com/marble/silver-portoro/,
2026-10-22,weshamarble.com,scheduled,https://weshamarble.com/marble/tropical-rose/,
2026-10-22,weshamarble.com,scheduled,https://weshamarble.com/onyx/brown-onyx/,
2026-10-22,weshamarble.com,scheduled,https://weshamarble.com/onyx/indian-onyx/,
2026-10-22,weshastones.com,scheduled,https://weshastones.com/ar/stone/beige-menia/,
2026-10-22,weshastones.com,scheduled,https://weshastones.com/ar/stone/bianco-halayeb/,
2026-10-22,weshastones.com,scheduled,https://weshastones.com/ar/stone/halayeb/,
2026-10-22,weshastones.com,scheduled,https://weshastones.com/ar/stone/hoody-dark/,
2026-10-22,weshastones.com,scheduled,https://weshastones.com/ar/stone/hoody-light/,
2026-10-22,weshastones.com,scheduled,https://weshastones.com/ar/stone/rosa-el-nasr/,
2026-10-22,weshastones.com,scheduled,https://weshastones.com/ar/stone/royal-beige/,
2026-10-22,weshastones.com,scheduled,https://weshastones.com/ar/stone/silvia-menia/,
2026-10-22,weshastones.com,scheduled,https://weshastones.com/ar/stone/sinai-pearl/,
2026-10-22,weshastones.com,scheduled,https://weshastones.com/ar/stone/white-aswan/,
2026-10-23,weshamarble.com,scheduled,https://weshamarble.com/granite/colour/green/,
2026-10-23,weshamarble.com,scheduled,https://weshamarble.com/granite/colour/grey/,
2026-10-23,weshamarble.com,scheduled,https://weshamarble.com/granite/imperial-rose/,
2026-10-23,weshamarble.com,scheduled,https://weshamarble.com/granite/verde-ghazal-light/,
2026-10-23,weshamarble.com,scheduled,https://weshamarble.com/marble/breccia-menia/,
2026-10-23,weshamarble.com,scheduled,https://weshamarble.com/onyx/egyptian-alabaster/,
2026-10-23,weshamarble.com,scheduled,https://weshamarble.com/onyx/light-green-onyx/,
2026-10-23,weshamarble.com,scheduled,https://weshamarble.com/onyx/onyx-miele-flower/,
2026-10-23,weshamarble.com,scheduled,https://weshamarble.com/onyx/tiger-eye/,
2026-10-23,weshamarble.com,scheduled,https://weshamarble.com/onyx/yellow-quartz/,
2026-10-23,weshastones.com,scheduled,https://weshastones.com/ar/stone/galala-gold/,
2026-10-23,weshastones.com,scheduled,https://weshastones.com/ar/stone/milly-gray/,
2026-10-23,weshastones.com,scheduled,https://weshastones.com/ar/stone/perlato-galala/,
2026-10-23,weshastones.com,scheduled,https://weshastones.com/ar/stone/sahara-brown/,
2026-10-23,weshastones.com,scheduled,https://weshastones.com/ar/stone/sunny-dark/,
2026-10-23,weshastones.com,scheduled,https://weshastones.com/ar/stone/sunny-medium/,
2026-10-23,weshastones.com,scheduled,https://weshastones.com/ar/stone/sunny-oro/,
2026-10-23,weshastones.com,scheduled,https://weshastones.com/ar/stone/triesta/,
2026-10-23,weshastones.com,scheduled,https://weshastones.com/it/,
2026-10-23,weshastones.com,scheduled,https://weshastones.com/it/partners/,
2026-10-24,weshamarble.com,scheduled,https://weshamarble.com/granite/bianco-halayeb/,
2026-10-24,weshamarble.com,scheduled,https://weshamarble.com/granite/colour/pink/,
2026-10-24,weshamarble.com,scheduled,https://weshamarble.com/granite/sahara-brown/,
2026-10-24,weshamarble.com,scheduled,https://weshamarble.com/guide/marble-vs-porcelain/,
2026-10-24,weshamarble.com,scheduled,https://weshamarble.com/marble/colour/black/,
2026-10-24,weshamarble.com,scheduled,https://weshamarble.com/marble/colour/red/,
2026-10-24,weshamarble.com,scheduled,https://weshamarble.com/onyx/colorful-onyx/,
2026-10-24,weshamarble.com,scheduled,https://weshamarble.com/onyx/ocean-jasper/,
2026-10-24,weshamarble.com,scheduled,https://weshamarble.com/quartz/q-sahara-noir-17/,
2026-10-24,weshamarble.com,scheduled,https://weshamarble.com/quartz/q-saint-laurent-black-27/,
2026-10-24,weshastones.com,scheduled,https://weshastones.com/it/about/,
2026-10-24,weshastones.com,scheduled,https://weshastones.com/it/contact/,
2026-10-24,weshastones.com,scheduled,https://weshastones.com/it/export/,
2026-10-24,weshastones.com,scheduled,https://weshastones.com/it/finishes/,
2026-10-24,weshastones.com,scheduled,https://weshastones.com/it/granite/,
2026-10-24,weshastones.com,scheduled,https://weshastones.com/it/marble/,
2026-10-24,weshastones.com,scheduled,https://weshastones.com/it/markets/,
2026-10-24,weshastones.com,scheduled,https://weshastones.com/it/quartz/,
2026-10-24,weshastones.com,scheduled,https://weshastones.com/it/semi-precious/,
2026-10-24,weshastones.com,scheduled,https://weshastones.com/it/stones-and-textures/,
2026-10-25,weshamarble.com,scheduled,https://weshamarble.com/granite/colour/black/,
2026-10-25,weshamarble.com,scheduled,https://weshamarble.com/granite/colour/blue/,
2026-10-25,weshamarble.com,scheduled,https://weshamarble.com/guide/marble-cleaning-myths/,
2026-10-25,weshamarble.com,scheduled,https://weshamarble.com/marble/colour/multicolour/,
2026-10-25,weshamarble.com,scheduled,https://weshamarble.com/marble/teak-wood-sandstone/,
2026-10-25,weshamarble.com,scheduled,https://weshamarble.com/marble/verde-tinos/,
2026-10-25,weshamarble.com,scheduled,https://weshamarble.com/marble/white-wooden-vein/,
2026-10-25,weshamarble.com,scheduled,https://weshamarble.com/marble/wild-green/,
2026-10-25,weshamarble.com,scheduled,https://weshamarble.com/onyx/champagne-onyx/,
2026-10-25,weshamarble.com,scheduled,https://weshamarble.com/onyx/petrified-wood-retro/,
2026-10-25,weshastones.com,scheduled,https://weshastones.com/it/markets/algeria/,
2026-10-25,weshastones.com,scheduled,https://weshastones.com/it/markets/china/,
2026-10-25,weshastones.com,scheduled,https://weshastones.com/it/markets/egypt/,
2026-10-25,weshastones.com,scheduled,https://weshastones.com/it/markets/france/,
2026-10-25,weshastones.com,scheduled,https://weshastones.com/it/markets/germany/,
2026-10-25,weshastones.com,scheduled,https://weshastones.com/it/markets/hungary/,
2026-10-25,weshastones.com,scheduled,https://weshastones.com/it/markets/india/,
2026-10-25,weshastones.com,scheduled,https://weshastones.com/it/markets/iraq/,
2026-10-25,weshastones.com,scheduled,https://weshastones.com/it/markets/italy/,
2026-10-25,weshastones.com,scheduled,https://weshastones.com/it/stones/,
2026-10-26,weshamarble.com,scheduled,https://weshamarble.com/granite/giallo-oriental/,
2026-10-26,weshamarble.com,scheduled,https://weshamarble.com/granite/hurghada-red/,
2026-10-26,weshamarble.com,scheduled,https://weshamarble.com/granite/madura-gold/,
2026-10-26,weshamarble.com,scheduled,https://weshamarble.com/marble/breccia-violet/,
2026-10-26,weshamarble.com,scheduled,https://weshamarble.com/marble/crema-diva/,
2026-10-26,weshamarble.com,scheduled,https://weshamarble.com/marble/galala-extra/,
2026-10-26,weshamarble.com,scheduled,https://weshamarble.com/marble/galala-gold/,
2026-10-26,weshamarble.com,scheduled,https://weshamarble.com/marble/imperial-bronze/,
2026-10-26,weshamarble.com,scheduled,https://weshamarble.com/marble/new-palissandro/,
2026-10-26,weshamarble.com,scheduled,https://weshamarble.com/marble/oriental-white/,
2026-10-26,weshastones.com,scheduled,https://weshastones.com/it/markets/jordan/,
2026-10-26,weshastones.com,scheduled,https://weshastones.com/it/markets/kenya/,
2026-10-26,weshastones.com,scheduled,https://weshastones.com/it/markets/kuwait/,
2026-10-26,weshastones.com,scheduled,https://weshastones.com/it/markets/lebanon/,
2026-10-26,weshastones.com,scheduled,https://weshastones.com/it/markets/libya/,
2026-10-26,weshastones.com,scheduled,https://weshastones.com/it/markets/montenegro/,
2026-10-26,weshastones.com,scheduled,https://weshastones.com/it/markets/morocco/,
2026-10-26,weshastones.com,scheduled,https://weshastones.com/it/markets/qatar/,
2026-10-26,weshastones.com,scheduled,https://weshastones.com/it/markets/romania/,
2026-10-26,weshastones.com,scheduled,https://weshastones.com/it/markets/saudi-arabia/,
2026-10-27,weshamarble.com,scheduled,https://weshamarble.com/marble/colour/pink/,
2026-10-27,weshamarble.com,scheduled,https://weshamarble.com/marble/perlato-galala/,
2026-10-27,weshamarble.com,scheduled,https://weshamarble.com/marble/serpeggiante/,
2026-10-27,weshamarble.com,scheduled,https://weshamarble.com/marble/silver-travertine/,
2026-10-27,weshamarble.com,scheduled,https://weshamarble.com/marble/travertine-noce-cross-cut/,
2026-10-27,weshamarble.com,scheduled,https://weshamarble.com/onyx/amethyst/,
2026-10-27,weshamarble.com,scheduled,https://weshamarble.com/onyx/blue-agate/,
2026-10-27,weshamarble.com,scheduled,https://weshamarble.com/quartz/q-concrete-grey-16/,
2026-10-27,weshamarble.com,scheduled,https://weshamarble.com/quartz/q-dark-grey-carrara-31/,
2026-10-27,weshamarble.com,scheduled,https://weshamarble.com/quartz/q-grey-stripe-22/,
2026-10-27,weshastones.com,scheduled,https://weshastones.com/it/granite-setts/,
2026-10-27,weshastones.com,scheduled,https://weshastones.com/it/markets/spain/,
2026-10-27,weshastones.com,scheduled,https://weshastones.com/it/markets/switzerland/,
2026-10-27,weshastones.com,scheduled,https://weshastones.com/it/markets/tunisia/,
2026-10-27,weshastones.com,scheduled,https://weshastones.com/it/markets/turkey/,
2026-10-27,weshastones.com,scheduled,https://weshastones.com/it/markets/united-arab-emirates/,
2026-10-27,weshastones.com,scheduled,https://weshastones.com/it/markets/united-kingdom/,
2026-10-27,weshastones.com,scheduled,https://weshastones.com/it/markets/united-states/,
2026-10-27,weshastones.com,scheduled,https://weshastones.com/it/marmo-granito-su-misura/,
2026-10-27,weshastones.com,scheduled,https://weshastones.com/it/pavimenti-granito/,
2026-10-28,weshamarble.com,scheduled,https://weshamarble.com/granite/halayeb/,
2026-10-28,weshamarble.com,scheduled,https://weshamarble.com/granite/rosa-marwa/,
2026-10-28,weshamarble.com,scheduled,https://weshamarble.com/granite/white-safaga/,
2026-10-28,weshamarble.com,scheduled,https://weshamarble.com/guide/north-coast-and-outdoor-stone/,
2026-10-28,weshamarble.com,scheduled,https://weshamarble.com/guide/quartz-by-origin/,
2026-10-28,weshamarble.com,scheduled,https://weshamarble.com/guide/thickness-and-edges/,
2026-10-28,weshamarble.com,scheduled,https://weshamarble.com/marble/beige-dune/,
2026-10-28,weshamarble.com,scheduled,https://weshamarble.com/marble/beige-menia/,
2026-10-28,weshamarble.com,scheduled,https://weshamarble.com/marble/bianco-sivec-extra/,
2026-10-28,weshamarble.com,scheduled,https://weshamarble.com/marble/bianco-thassos/,
2026-10-28,weshastones.com,scheduled,https://weshastones.com/it/granite/aswan-red/,
2026-10-28,weshastones.com,scheduled,https://weshastones.com/it/granite/black-aswan/,
2026-10-28,weshastones.com,scheduled,https://weshastones.com/it/granite/grey-aswan/,
2026-10-28,weshastones.com,scheduled,https://weshastones.com/it/marble/beige-menia/,
2026-10-28,weshastones.com,scheduled,https://weshastones.com/it/marble/galala-classic/,
2026-10-28,weshastones.com,scheduled,https://weshastones.com/it/marble/galala-extra/,
2026-10-28,weshastones.com,scheduled,https://weshastones.com/it/marble/royal-beige/,
2026-10-28,weshastones.com,scheduled,https://weshastones.com/it/marble/sunny-menia/,
2026-10-28,weshastones.com,scheduled,https://weshastones.com/it/marmo-beige-egiziano/,
2026-10-28,weshastones.com,scheduled,https://weshastones.com/it/prezzo-marmo-granito-egiziano/,
2026-10-29,weshamarble.com,scheduled,https://weshamarble.com/marble/breccia-sinai/,
2026-10-29,weshamarble.com,scheduled,https://weshamarble.com/marble/cleopatra/,
2026-10-29,weshamarble.com,scheduled,https://weshamarble.com/marble/crema-egypt/,
2026-10-29,weshamarble.com,scheduled,https://weshamarble.com/marble/egyptian-botticino/,
2026-10-29,weshamarble.com,scheduled,https://weshamarble.com/marble/fillito/,
2026-10-29,weshamarble.com,scheduled,https://weshamarble.com/marble/golden-cream-flower/,
2026-10-29,weshamarble.com,scheduled,https://weshamarble.com/marble/golden-cream-vein/,
2026-10-29,weshamarble.com,scheduled,https://weshamarble.com/marble/hashma-beige/,
2026-10-29,weshamarble.com,scheduled,https://weshamarble.com/marble/imperial-grey-dark/,
2026-10-29,weshamarble.com,scheduled,https://weshamarble.com/marble/katrina/,
2026-10-29,weshastones.com,scheduled,https://weshastones.com/it/granite/bianco-halayeb/,
2026-10-29,weshastones.com,scheduled,https://weshastones.com/it/granite/gandola/,
2026-10-29,weshastones.com,scheduled,https://weshastones.com/it/granite/red-aswan-dark/,
2026-10-29,weshastones.com,scheduled,https://weshastones.com/it/marble/crema-egypt/,
2026-10-29,weshastones.com,scheduled,https://weshastones.com/it/marble/imperial-grey/,
2026-10-29,weshastones.com,scheduled,https://weshastones.com/it/marble/perlato-galala/,
2026-10-29,weshastones.com,scheduled,https://weshastones.com/it/marble/silvia-menia/,
2026-10-29,weshastones.com,scheduled,https://weshastones.com/it/marble/sunny-medium/,
2026-10-29,weshastones.com,scheduled,https://weshastones.com/it/marble/sunny-oro-light/,
2026-10-29,weshastones.com,scheduled,https://weshastones.com/it/marble/sunny-oro/,
2026-10-30,weshamarble.com,scheduled,https://weshamarble.com/marble/mountain-white/,
2026-10-30,weshamarble.com,scheduled,https://weshamarble.com/marble/new-milly-gray/,
2026-10-30,weshamarble.com,scheduled,https://weshamarble.com/marble/ocean-white/,
2026-10-30,weshamarble.com,scheduled,https://weshamarble.com/marble/rosa-levante/,
2026-10-30,weshamarble.com,scheduled,https://weshamarble.com/marble/royal-beige/,
2026-10-30,weshamarble.com,scheduled,https://weshamarble.com/marble/royal-grey/,
2026-10-30,weshamarble.com,scheduled,https://weshamarble.com/marble/saint-laurent/,
2026-10-30,weshamarble.com,scheduled,https://weshamarble.com/marble/samaha/,
2026-10-30,weshamarble.com,scheduled,https://weshamarble.com/marble/sinai-pearl/,
2026-10-30,weshamarble.com,scheduled,https://weshamarble.com/marble/sky-grey/,
2026-10-30,weshastones.com,scheduled,https://weshastones.com/it/granite/hoody-dark/,
2026-10-30,weshastones.com,scheduled,https://weshastones.com/it/granite/red-aswan-light/,
2026-10-30,weshastones.com,scheduled,https://weshastones.com/it/granite/white-safaga/,
2026-10-30,weshastones.com,scheduled,https://weshastones.com/it/marble/breccia-sinai/,
2026-10-30,weshastones.com,scheduled,https://weshastones.com/it/marble/hashma-beige/,
2026-10-30,weshastones.com,scheduled,https://weshastones.com/it/marble/milly-gray/,
2026-10-30,weshastones.com,scheduled,https://weshastones.com/it/marble/royal-grey/,
2026-10-30,weshastones.com,scheduled,https://weshastones.com/it/marble/sinai-pearl/,
2026-10-30,weshastones.com,scheduled,https://weshastones.com/it/marmo-giallo-egiziano/,
2026-10-30,weshastones.com,scheduled,https://weshastones.com/it/semi-precious/brown-agate/,
2026-10-31,weshamarble.com,scheduled,https://weshamarble.com/granite/colour/brown/,
2026-10-31,weshamarble.com,scheduled,https://weshamarble.com/guide/galala-marble-types/,
2026-10-31,weshamarble.com,scheduled,https://weshamarble.com/guide/stone-glossary/,
2026-10-31,weshamarble.com,scheduled,https://weshamarble.com/marble/sunny-medium/,
2026-10-31,weshamarble.com,scheduled,https://weshamarble.com/marble/sunny-oro-light/,
2026-10-31,weshamarble.com,scheduled,https://weshamarble.com/marble/sunny-oro/,
2026-10-31,weshamarble.com,scheduled,https://weshamarble.com/onyx/dumortierite/,
2026-10-31,weshamarble.com,scheduled,https://weshamarble.com/onyx/ice-quartz/,
2026-10-31,weshamarble.com,scheduled,https://weshamarble.com/onyx/picture-jasper/,
2026-10-31,weshamarble.com,scheduled,https://weshamarble.com/quartz/q-volakas-13/,
2026-10-31,weshastones.com,scheduled,https://weshastones.com/it/granite/breccia-fawakhir/,
2026-10-31,weshastones.com,scheduled,https://weshastones.com/it/granite/grey-el-sherka/,
2026-10-31,weshastones.com,scheduled,https://weshastones.com/it/granite/karnak-grey/,
2026-10-31,weshastones.com,scheduled,https://weshastones.com/it/granite/new-halayeb/,
2026-10-31,weshastones.com,scheduled,https://weshastones.com/it/granite/rosa-el-nasr/,
2026-10-31,weshastones.com,scheduled,https://weshastones.com/it/marble/beige-dune/,
2026-10-31,weshastones.com,scheduled,https://weshastones.com/it/marble/egyptian-alabaster/,
2026-10-31,weshastones.com,scheduled,https://weshastones.com/it/marble/galala-gold/,
2026-10-31,weshastones.com,scheduled,https://weshastones.com/it/marble/golden-cream-flower/,
2026-10-31,weshastones.com,scheduled,https://weshastones.com/it/marble/triesta/,
2026-11-01,weshamarble.com,scheduled,https://weshamarble.com/onyx/grey-agate/,
2026-11-01,weshamarble.com,scheduled,https://weshamarble.com/onyx/ice-white-onyx/,
2026-11-01,weshamarble.com,scheduled,https://weshamarble.com/onyx/red-dragon-onyx/,
2026-11-01,weshamarble.com,scheduled,https://weshamarble.com/onyx/rose-quartz/,
2026-11-01,weshamarble.com,scheduled,https://weshamarble.com/quartz/q-beige-33/,
2026-11-01,weshamarble.com,scheduled,https://weshamarble.com/quartz/q-carrara-05/,
2026-11-01,weshamarble.com,scheduled,https://weshamarble.com/quartz/q-carrara-light-09/,
2026-11-01,weshamarble.com,scheduled,https://weshamarble.com/quartz/q-crema-marfil-15/,
2026-11-01,weshamarble.com,scheduled,https://weshamarble.com/quartz/q-dalmatian-18/,
2026-11-01,weshamarble.com,scheduled,https://weshamarble.com/quartz/q-off-white-07/,
2026-11-01,weshastones.com,scheduled,https://weshastones.com/it/marble/egyptian-botticino/,
2026-11-01,weshastones.com,scheduled,https://weshastones.com/it/marble/fillito/,
2026-11-01,weshastones.com,scheduled,https://weshastones.com/it/marble/golden-cream-vein/,
2026-11-01,weshastones.com,scheduled,https://weshastones.com/it/marble/golden-sinai/,
2026-11-01,weshastones.com,scheduled,https://weshastones.com/it/marble/imperial-grey-dark/,
2026-11-01,weshastones.com,scheduled,https://weshastones.com/it/quartz/cement-ash-q/,
2026-11-01,weshastones.com,scheduled,https://weshastones.com/it/quartz/pure-white-q/,
2026-11-01,weshastones.com,scheduled,https://weshastones.com/it/semi-precious/beige-onyx/,
2026-11-01,weshastones.com,scheduled,https://weshastones.com/it/semi-precious/ice-white-onyx/,
2026-11-01,weshastones.com,scheduled,https://weshastones.com/it/semi-precious/onyx-miele/,
2026-11-02,weshamarble.com,scheduled,https://weshamarble.com/granite/colour/multicolour/,
2026-11-02,weshamarble.com,scheduled,https://weshamarble.com/guide/granite-for-stairs-and-facades/,
2026-11-02,weshamarble.com,scheduled,https://weshamarble.com/guide/marble-stairs-guide/,
2026-11-02,weshamarble.com,scheduled,https://weshamarble.com/guide/matching-a-second-batch/,
2026-11-02,weshamarble.com,scheduled,https://weshamarble.com/guide/questions-to-ask-before-buying-marble/,
2026-11-02,weshamarble.com,scheduled,https://weshamarble.com/guide/wood-vein-marble/,
2026-11-02,weshamarble.com,scheduled,https://weshamarble.com/marble/colour/green/,
2026-11-02,weshamarble.com,scheduled,https://weshamarble.com/quartz/colour/grey/,
2026-11-02,weshamarble.com,scheduled,https://weshamarble.com/quartz/q-shanshui-white-21/,
2026-11-02,weshamarble.com,scheduled,https://weshamarble.com/quartz/q-statuario-03/,
2026-11-02,weshastones.com,scheduled,https://weshastones.com/it/granite/hurghada-red/,
2026-11-02,weshastones.com,scheduled,https://weshastones.com/it/granite/sahara-brown/,
2026-11-02,weshastones.com,scheduled,https://weshastones.com/it/marble/cleopatra/,
2026-11-02,weshastones.com,scheduled,https://weshastones.com/it/marble/samaha/,
2026-11-02,weshastones.com,scheduled,https://weshastones.com/it/marble/sunny-dark/,
2026-11-02,weshastones.com,scheduled,https://weshastones.com/it/quartz/concrete-grey-q/,
2026-11-02,weshastones.com,scheduled,https://weshastones.com/it/quartz/marquina-black-q/,
2026-11-02,weshastones.com,scheduled,https://weshastones.com/it/quartz/super-white-q/,
2026-11-02,weshastones.com,scheduled,https://weshastones.com/it/semi-precious/blue-agate/,
2026-11-02,weshastones.com,scheduled,https://weshastones.com/it/semi-precious/petrified-wood-retro/,
2026-11-03,weshamarble.com,scheduled,https://weshamarble.com/en/,
2026-11-03,weshamarble.com,scheduled,https://weshamarble.com/en/about/,
2026-11-03,weshamarble.com,scheduled,https://weshamarble.com/en/quote/,
2026-11-03,weshamarble.com,scheduled,https://weshamarble.com/en/showroom/,
2026-11-03,weshamarble.com,scheduled,https://weshamarble.com/en/visit/,
2026-11-03,weshamarble.com,scheduled,https://weshamarble.com/guide/bathroom-marble-guide/,
2026-11-03,weshamarble.com,scheduled,https://weshamarble.com/guide/check-imported-slab/,
2026-11-03,weshastones.com,scheduled,https://weshastones.com/it/granite/forsan-red/,
2026-11-03,weshastones.com,scheduled,https://weshastones.com/it/granite/ghazal-dark/,
2026-11-03,weshastones.com,scheduled,https://weshastones.com/it/granite/ghiandone-aswan/,
2026-11-03,weshastones.com,scheduled,https://weshastones.com/it/granite/hoody-light/,
2026-11-03,weshastones.com,scheduled,https://weshastones.com/it/granite/rosa-marwa/,
2026-11-03,weshastones.com,scheduled,https://weshastones.com/it/granite/verde-ghazal/,
2026-11-03,weshastones.com,scheduled,https://weshastones.com/it/marmo-galala/,
2026-11-03,weshastones.com,scheduled,https://weshastones.com/it/semi-precious/champagne-onyx/,
2026-11-03,weshastones.com,scheduled,https://weshastones.com/it/semi-precious/ice-quartz/,
2026-11-03,weshastones.com,scheduled,https://weshastones.com/it/semi-precious/picture-jasper/,
2026-11-04,weshastones.com,scheduled,https://weshastones.com/it/granite/white-aswan/,
2026-11-04,weshastones.com,scheduled,https://weshastones.com/it/marble/breccia-menia/,
2026-11-04,weshastones.com,scheduled,https://weshastones.com/it/marble/katrina/,
2026-11-04,weshastones.com,scheduled,https://weshastones.com/it/marble/khatmeya/,
2026-11-04,weshastones.com,scheduled,https://weshastones.com/it/marble/new-milly-gray/,
2026-11-04,weshastones.com,scheduled,https://weshastones.com/it/quartz/sahara-gold-q/,
2026-11-04,weshastones.com,scheduled,https://weshastones.com/it/quartz/terrazzo-nile-q/,
2026-11-04,weshastones.com,scheduled,https://weshastones.com/it/semi-precious/brown-onyx/,
2026-11-04,weshastones.com,scheduled,https://weshastones.com/it/semi-precious/colorful-onyx/,
2026-11-04,weshastones.com,scheduled,https://weshastones.com/it/semi-precious/dumortierite/,
2026-11-05,weshastones.com,scheduled,https://weshastones.com/it/granite/rosa-sinai/,
2026-11-05,weshastones.com,scheduled,https://weshastones.com/it/marble/goldi/,
2026-11-05,weshastones.com,scheduled,https://weshastones.com/it/quartz/calacatta-nile/,
2026-11-05,weshastones.com,scheduled,https://weshastones.com/it/semi-precious/apple-jasper/,
2026-11-05,weshastones.com,scheduled,https://weshastones.com/it/semi-precious/green-onyx/,
2026-11-05,weshastones.com,scheduled,https://weshastones.com/it/semi-precious/grey-agate/,
2026-11-05,weshastones.com,scheduled,https://weshastones.com/it/semi-precious/ocean-jasper/,
2026-11-05,weshastones.com,scheduled,https://weshastones.com/it/semi-precious/onyx-miele-flower/,
2026-11-05,weshastones.com,scheduled,https://weshastones.com/it/semi-precious/red-dragon-onyx/,
2026-11-05,weshastones.com,scheduled,https://weshastones.com/it/semi-precious/tiger-eye/,
2026-11-06,weshastones.com,scheduled,https://weshastones.com/it/granite/halayeb/,
2026-11-06,weshastones.com,scheduled,https://weshastones.com/it/granite/verde-ghazal-light/,
2026-11-06,weshastones.com,scheduled,https://weshastones.com/it/marmo-egiziano/,
2026-11-06,weshastones.com,scheduled,https://weshastones.com/it/quartz/carrara-mist/,
2026-11-06,weshastones.com,scheduled,https://weshastones.com/it/quartz/statuario-alba/,
2026-11-06,weshastones.com,scheduled,https://weshastones.com/it/semi-precious/amethyst/,
2026-11-06,weshastones.com,scheduled,https://weshastones.com/it/semi-precious/indian-onyx/,
2026-11-06,weshastones.com,scheduled,https://weshastones.com/it/semi-precious/light-green-onyx/,
2026-11-06,weshastones.com,scheduled,https://weshastones.com/it/semi-precious/rose-quartz/,
2026-11-06,weshastones.com,scheduled,https://weshastones.com/it/semi-precious/yellow-quartz/,
2026-11-07,weshastones.com,scheduled,https://weshastones.com/fr/,
2026-11-07,weshastones.com,scheduled,https://weshastones.com/fr/about/,
2026-11-07,weshastones.com,scheduled,https://weshastones.com/fr/contact/,
2026-11-07,weshastones.com,scheduled,https://weshastones.com/fr/export/,
2026-11-07,weshastones.com,scheduled,https://weshastones.com/fr/finishes/,
2026-11-07,weshastones.com,scheduled,https://weshastones.com/fr/granite/,
2026-11-07,weshastones.com,scheduled,https://weshastones.com/fr/marble/,
2026-11-07,weshastones.com,scheduled,https://weshastones.com/fr/markets/,
2026-11-07,weshastones.com,scheduled,https://weshastones.com/fr/partners/,
2026-11-07,weshastones.com,scheduled,https://weshastones.com/fr/quartz/,
2026-11-08,weshastones.com,scheduled,https://weshastones.com/fr/markets/algeria/,
2026-11-08,weshastones.com,scheduled,https://weshastones.com/fr/markets/china/,
2026-11-08,weshastones.com,scheduled,https://weshastones.com/fr/markets/egypt/,
2026-11-08,weshastones.com,scheduled,https://weshastones.com/fr/markets/france/,
2026-11-08,weshastones.com,scheduled,https://weshastones.com/fr/markets/germany/,
2026-11-08,weshastones.com,scheduled,https://weshastones.com/fr/markets/hungary/,
2026-11-08,weshastones.com,scheduled,https://weshastones.com/fr/markets/india/,
2026-11-08,weshastones.com,scheduled,https://weshastones.com/fr/semi-precious/,
2026-11-08,weshastones.com,scheduled,https://weshastones.com/fr/stones-and-textures/,
2026-11-08,weshastones.com,scheduled,https://weshastones.com/fr/stones/,
2026-11-09,weshastones.com,scheduled,https://weshastones.com/fr/markets/iraq/,
2026-11-09,weshastones.com,scheduled,https://weshastones.com/fr/markets/italy/,
2026-11-09,weshastones.com,scheduled,https://weshastones.com/fr/markets/jordan/,
2026-11-09,weshastones.com,scheduled,https://weshastones.com/fr/markets/kenya/,
2026-11-09,weshastones.com,scheduled,https://weshastones.com/fr/markets/kuwait/,
2026-11-09,weshastones.com,scheduled,https://weshastones.com/fr/markets/lebanon/,
2026-11-09,weshastones.com,scheduled,https://weshastones.com/fr/markets/libya/,
2026-11-09,weshastones.com,scheduled,https://weshastones.com/fr/markets/montenegro/,
2026-11-09,weshastones.com,scheduled,https://weshastones.com/fr/markets/morocco/,
2026-11-09,weshastones.com,scheduled,https://weshastones.com/fr/markets/qatar/,
2026-11-10,weshastones.com,scheduled,https://weshastones.com/fr/bordures-granit/,
2026-11-10,weshastones.com,scheduled,https://weshastones.com/fr/markets/romania/,
2026-11-10,weshastones.com,scheduled,https://weshastones.com/fr/markets/saudi-arabia/,
2026-11-10,weshastones.com,scheduled,https://weshastones.com/fr/markets/spain/,
2026-11-10,weshastones.com,scheduled,https://weshastones.com/fr/markets/switzerland/,
2026-11-10,weshastones.com,scheduled,https://weshastones.com/fr/markets/tunisia/,
2026-11-10,weshastones.com,scheduled,https://weshastones.com/fr/markets/turkey/,
2026-11-10,weshastones.com,scheduled,https://weshastones.com/fr/markets/united-arab-emirates/,
2026-11-10,weshastones.com,scheduled,https://weshastones.com/fr/markets/united-kingdom/,
2026-11-10,weshastones.com,scheduled,https://weshastones.com/fr/markets/united-states/,
2026-11-11,weshastones.com,scheduled,https://weshastones.com/fr/carrelage-granit/,
2026-11-11,weshastones.com,scheduled,https://weshastones.com/fr/decoupe-sur-mesure/,
2026-11-11,weshastones.com,scheduled,https://weshastones.com/fr/granite-setts/,
2026-11-11,weshastones.com,scheduled,https://weshastones.com/fr/granite/aswan-red/,
2026-11-11,weshastones.com,scheduled,https://weshastones.com/fr/granite/bianco-halayeb/,
2026-11-11,weshastones.com,scheduled,https://weshastones.com/fr/granite/black-aswan/,
2026-11-11,weshastones.com,scheduled,https://weshastones.com/fr/granite/grey-aswan/,
2026-11-11,weshastones.com,scheduled,https://weshastones.com/fr/granite/red-aswan-dark/,
2026-11-11,weshastones.com,scheduled,https://weshastones.com/fr/marble/galala-classic/,
2026-11-11,weshastones.com,scheduled,https://weshastones.com/fr/marble/sunny-menia/,
2026-11-12,weshastones.com,scheduled,https://weshastones.com/fr/granite/gandola/,
2026-11-12,weshastones.com,scheduled,https://weshastones.com/fr/granite/red-aswan-light/,
2026-11-12,weshastones.com,scheduled,https://weshastones.com/fr/granite/white-safaga/,
2026-11-12,weshastones.com,scheduled,https://weshastones.com/fr/marble/beige-menia/,
2026-11-12,weshastones.com,scheduled,https://weshastones.com/fr/marble/crema-egypt/,
2026-11-12,weshastones.com,scheduled,https://weshastones.com/fr/marble/galala-extra/,
2026-11-12,weshastones.com,scheduled,https://weshastones.com/fr/marble/imperial-grey/,
2026-11-12,weshastones.com,scheduled,https://weshastones.com/fr/marble/royal-beige/,
2026-11-12,weshastones.com,scheduled,https://weshastones.com/fr/marble/silvia-menia/,
2026-11-12,weshastones.com,scheduled,https://weshastones.com/fr/marble/sunny-oro/,
2026-11-13,weshastones.com,scheduled,https://weshastones.com/fr/granite/grey-el-sherka/,
2026-11-13,weshastones.com,scheduled,https://weshastones.com/fr/granite/hoody-dark/,
2026-11-13,weshastones.com,scheduled,https://weshastones.com/fr/granite/karnak-grey/,
2026-11-13,weshastones.com,scheduled,https://weshastones.com/fr/granite/new-halayeb/,
2026-11-13,weshastones.com,scheduled,https://weshastones.com/fr/granite/rosa-el-nasr/,
2026-11-13,weshastones.com,scheduled,https://weshastones.com/fr/marble/perlato-galala/,
2026-11-13,weshastones.com,scheduled,https://weshastones.com/fr/marble/royal-grey/,
2026-11-13,weshastones.com,scheduled,https://weshastones.com/fr/marble/sunny-medium/,
2026-11-13,weshastones.com,scheduled,https://weshastones.com/fr/marble/sunny-oro-light/,
2026-11-13,weshastones.com,scheduled,https://weshastones.com/fr/semi-precious/brown-agate/,
2026-11-14,weshastones.com,scheduled,https://weshastones.com/fr/granite/breccia-fawakhir/,
2026-11-14,weshastones.com,scheduled,https://weshastones.com/fr/granite/hurghada-red/,
2026-11-14,weshastones.com,scheduled,https://weshastones.com/fr/granite/sahara-brown/,
2026-11-14,weshastones.com,scheduled,https://weshastones.com/fr/marble/breccia-sinai/,
2026-11-14,weshastones.com,scheduled,https://weshastones.com/fr/marble/egyptian-alabaster/,
2026-11-14,weshastones.com,scheduled,https://weshastones.com/fr/marble/hashma-beige/,
2026-11-14,weshastones.com,scheduled,https://weshastones.com/fr/marble/milly-gray/,
2026-11-14,weshastones.com,scheduled,https://weshastones.com/fr/marble/sinai-pearl/,
2026-11-14,weshastones.com,scheduled,https://weshastones.com/fr/quartz/cement-ash-q/,
2026-11-14,weshastones.com,scheduled,https://weshastones.com/fr/quartz/pure-white-q/,
2026-11-15,weshastones.com,scheduled,https://weshastones.com/fr/granite/hoody-light/,
2026-11-15,weshastones.com,scheduled,https://weshastones.com/fr/granite/rosa-marwa/,
2026-11-15,weshastones.com,scheduled,https://weshastones.com/fr/granite/white-aswan/,
2026-11-15,weshastones.com,scheduled,https://weshastones.com/fr/marble/golden-cream-flower/,
2026-11-15,weshastones.com,scheduled,https://weshastones.com/fr/marble/imperial-grey-dark/,
2026-11-15,weshastones.com,scheduled,https://weshastones.com/fr/marble/triesta/,
2026-11-15,weshastones.com,scheduled,https://weshastones.com/fr/semi-precious/beige-onyx/,
2026-11-15,weshastones.com,scheduled,https://weshastones.com/fr/semi-precious/ice-white-onyx/,
2026-11-15,weshastones.com,scheduled,https://weshastones.com/fr/semi-precious/onyx-miele/,
2026-11-15,weshastones.com,scheduled,https://weshastones.com/fr/semi-precious/petrified-wood-retro/,
2026-11-16,weshastones.com,scheduled,https://weshastones.com/fr/granite/forsan-red/,
2026-11-16,weshastones.com,scheduled,https://weshastones.com/fr/granite/ghazal-dark/,
2026-11-16,weshastones.com,scheduled,https://weshastones.com/fr/granite/ghiandone-aswan/,
2026-11-16,weshastones.com,scheduled,https://weshastones.com/fr/quartz/concrete-grey-q/,
2026-11-16,weshastones.com,scheduled,https://weshastones.com/fr/quartz/marquina-black-q/,
2026-11-16,weshastones.com,scheduled,https://weshastones.com/fr/quartz/super-white-q/,
2026-11-16,weshastones.com,scheduled,https://weshastones.com/fr/semi-precious/blue-agate/,
2026-11-16,weshastones.com,scheduled,https://weshastones.com/fr/semi-precious/champagne-onyx/,
2026-11-16,weshastones.com,scheduled,https://weshastones.com/fr/semi-precious/ice-quartz/,
2026-11-16,weshastones.com,scheduled,https://weshastones.com/fr/semi-precious/picture-jasper/,
2026-11-17,weshastones.com,scheduled,https://weshastones.com/fr/granite/verde-ghazal/,
2026-11-17,weshastones.com,scheduled,https://weshastones.com/fr/marble/beige-dune/,
2026-11-17,weshastones.com,scheduled,https://weshastones.com/fr/marble/cleopatra/,
2026-11-17,weshastones.com,scheduled,https://weshastones.com/fr/marble/egyptian-botticino/,
2026-11-17,weshastones.com,scheduled,https://weshastones.com/fr/marble/fillito/,
2026-11-17,weshastones.com,scheduled,https://weshastones.com/fr/marble/galala-gold/,
2026-11-17,weshastones.com,scheduled,https://weshastones.com/fr/marble/golden-cream-vein/,
2026-11-17,weshastones.com,scheduled,https://weshastones.com/fr/marble/golden-sinai/,
2026-11-17,weshastones.com,scheduled,https://weshastones.com/fr/quartz/sahara-gold-q/,
2026-11-17,weshastones.com,scheduled,https://weshastones.com/fr/quartz/terrazzo-nile-q/,
2026-11-18,weshastones.com,scheduled,https://weshastones.com/fr/granite/halayeb/,
2026-11-18,weshastones.com,scheduled,https://weshastones.com/fr/semi-precious/brown-onyx/,
2026-11-18,weshastones.com,scheduled,https://weshastones.com/fr/semi-precious/colorful-onyx/,
2026-11-18,weshastones.com,scheduled,https://weshastones.com/fr/semi-precious/dumortierite/,
2026-11-18,weshastones.com,scheduled,https://weshastones.com/fr/semi-precious/green-onyx/,
2026-11-18,weshastones.com,scheduled,https://weshastones.com/fr/semi-precious/grey-agate/,
2026-11-18,weshastones.com,scheduled,https://weshastones.com/fr/semi-precious/ocean-jasper/,
2026-11-18,weshastones.com,scheduled,https://weshastones.com/fr/semi-precious/onyx-miele-flower/,
2026-11-18,weshastones.com,scheduled,https://weshastones.com/fr/semi-precious/red-dragon-onyx/,
2026-11-18,weshastones.com,scheduled,https://weshastones.com/fr/semi-precious/tiger-eye/,
2026-11-19,weshastones.com,scheduled,https://weshastones.com/fr/granite/rosa-sinai/,
2026-11-19,weshastones.com,scheduled,https://weshastones.com/fr/granite/verde-ghazal-light/,
2026-11-19,weshastones.com,scheduled,https://weshastones.com/fr/marble/breccia-menia/,
2026-11-19,weshastones.com,scheduled,https://weshastones.com/fr/marble/katrina/,
2026-11-19,weshastones.com,scheduled,https://weshastones.com/fr/marble/new-milly-gray/,
2026-11-19,weshastones.com,scheduled,https://weshastones.com/fr/marble/samaha/,
2026-11-19,weshastones.com,scheduled,https://weshastones.com/fr/marble/sunny-dark/,
2026-11-19,weshastones.com,scheduled,https://weshastones.com/fr/quartz/calacatta-nile/,
2026-11-19,weshastones.com,scheduled,https://weshastones.com/fr/semi-precious/apple-jasper/,
2026-11-19,weshastones.com,scheduled,https://weshastones.com/fr/semi-precious/indian-onyx/,
2026-11-20,weshastones.com,scheduled,https://weshastones.com/es/,
2026-11-20,weshastones.com,scheduled,https://weshastones.com/es/partners/,
2026-11-20,weshastones.com,scheduled,https://weshastones.com/fr/marble/goldi/,
2026-11-20,weshastones.com,scheduled,https://weshastones.com/fr/marble/khatmeya/,
2026-11-20,weshastones.com,scheduled,https://weshastones.com/fr/quartz/carrara-mist/,
2026-11-20,weshastones.com,scheduled,https://weshastones.com/fr/quartz/statuario-alba/,
2026-11-20,weshastones.com,scheduled,https://weshastones.com/fr/semi-precious/amethyst/,
2026-11-20,weshastones.com,scheduled,https://weshastones.com/fr/semi-precious/light-green-onyx/,
2026-11-20,weshastones.com,scheduled,https://weshastones.com/fr/semi-precious/rose-quartz/,
2026-11-20,weshastones.com,scheduled,https://weshastones.com/fr/semi-precious/yellow-quartz/,
2026-11-21,weshastones.com,scheduled,https://weshastones.com/es/about/,
2026-11-21,weshastones.com,scheduled,https://weshastones.com/es/contact/,
2026-11-21,weshastones.com,scheduled,https://weshastones.com/es/export/,
2026-11-21,weshastones.com,scheduled,https://weshastones.com/es/finishes/,
2026-11-21,weshastones.com,scheduled,https://weshastones.com/es/granite/,
2026-11-21,weshastones.com,scheduled,https://weshastones.com/es/marble/,
2026-11-21,weshastones.com,scheduled,https://weshastones.com/es/markets/,
2026-11-21,weshastones.com,scheduled,https://weshastones.com/es/quartz/,
2026-11-21,weshastones.com,scheduled,https://weshastones.com/es/semi-precious/,
2026-11-21,weshastones.com,scheduled,https://weshastones.com/es/stones-and-textures/,
2026-11-22,weshastones.com,scheduled,https://weshastones.com/es/markets/algeria/,
2026-11-22,weshastones.com,scheduled,https://weshastones.com/es/markets/china/,
2026-11-22,weshastones.com,scheduled,https://weshastones.com/es/markets/egypt/,
2026-11-22,weshastones.com,scheduled,https://weshastones.com/es/markets/france/,
2026-11-22,weshastones.com,scheduled,https://weshastones.com/es/markets/germany/,
2026-11-22,weshastones.com,scheduled,https://weshastones.com/es/markets/hungary/,
2026-11-22,weshastones.com,scheduled,https://weshastones.com/es/markets/india/,
2026-11-22,weshastones.com,scheduled,https://weshastones.com/es/markets/iraq/,
2026-11-22,weshastones.com,scheduled,https://weshastones.com/es/markets/italy/,
2026-11-22,weshastones.com,scheduled,https://weshastones.com/es/stones/,
2026-11-23,weshastones.com,scheduled,https://weshastones.com/es/markets/jordan/,
2026-11-23,weshastones.com,scheduled,https://weshastones.com/es/markets/kenya/,
2026-11-23,weshastones.com,scheduled,https://weshastones.com/es/markets/kuwait/,
2026-11-23,weshastones.com,scheduled,https://weshastones.com/es/markets/lebanon/,
2026-11-23,weshastones.com,scheduled,https://weshastones.com/es/markets/libya/,
2026-11-23,weshastones.com,scheduled,https://weshastones.com/es/markets/montenegro/,
2026-11-23,weshastones.com,scheduled,https://weshastones.com/es/markets/morocco/,
2026-11-23,weshastones.com,scheduled,https://weshastones.com/es/markets/qatar/,
2026-11-23,weshastones.com,scheduled,https://weshastones.com/es/markets/romania/,
2026-11-23,weshastones.com,scheduled,https://weshastones.com/es/markets/saudi-arabia/,
2026-11-24,weshastones.com,scheduled,https://weshastones.com/es/baldosas-granito/,
2026-11-24,weshastones.com,scheduled,https://weshastones.com/es/bordillos-granito/,
2026-11-24,weshastones.com,scheduled,https://weshastones.com/es/corte-a-medida/,
2026-11-24,weshastones.com,scheduled,https://weshastones.com/es/markets/spain/,
2026-11-24,weshastones.com,scheduled,https://weshastones.com/es/markets/switzerland/,
2026-11-24,weshastones.com,scheduled,https://weshastones.com/es/markets/tunisia/,
2026-11-24,weshastones.com,scheduled,https://weshastones.com/es/markets/turkey/,
2026-11-24,weshastones.com,scheduled,https://weshastones.com/es/markets/united-arab-emirates/,
2026-11-24,weshastones.com,scheduled,https://weshastones.com/es/markets/united-kingdom/,
2026-11-24,weshastones.com,scheduled,https://weshastones.com/es/markets/united-states/,
2026-11-25,weshastones.com,scheduled,https://weshastones.com/es/granite-setts/,
2026-11-25,weshastones.com,scheduled,https://weshastones.com/es/granite/aswan-red/,
2026-11-25,weshastones.com,scheduled,https://weshastones.com/es/granite/bianco-halayeb/,
2026-11-25,weshastones.com,scheduled,https://weshastones.com/es/granite/black-aswan/,
2026-11-25,weshastones.com,scheduled,https://weshastones.com/es/granite/grey-aswan/,
2026-11-25,weshastones.com,scheduled,https://weshastones.com/es/granite/red-aswan-dark/,
2026-11-25,weshastones.com,scheduled,https://weshastones.com/es/marble/beige-menia/,
2026-11-25,weshastones.com,scheduled,https://weshastones.com/es/marble/galala-classic/,
2026-11-25,weshastones.com,scheduled,https://weshastones.com/es/marble/sunny-menia/,
2026-11-25,weshastones.com,scheduled,https://weshastones.com/es/precio-marmol-granito-egipcio/,
2026-11-26,weshastones.com,scheduled,https://weshastones.com/es/granite/gandola/,
2026-11-26,weshastones.com,scheduled,https://weshastones.com/es/granite/hoody-dark/,
2026-11-26,weshastones.com,scheduled,https://weshastones.com/es/granite/red-aswan-light/,
2026-11-26,weshastones.com,scheduled,https://weshastones.com/es/granite/white-safaga/,
2026-11-26,weshastones.com,scheduled,https://weshastones.com/es/marble/crema-egypt/,
2026-11-26,weshastones.com,scheduled,https://weshastones.com/es/marble/galala-extra/,
2026-11-26,weshastones.com,scheduled,https://weshastones.com/es/marble/imperial-grey/,
2026-11-26,weshastones.com,scheduled,https://weshastones.com/es/marble/royal-beige/,
2026-11-26,weshastones.com,scheduled,https://weshastones.com/es/marble/silvia-menia/,
2026-11-26,weshastones.com,scheduled,https://weshastones.com/es/marble/sunny-oro/,
2026-11-27,weshastones.com,scheduled,https://weshastones.com/es/granite/grey-el-sherka/,
2026-11-27,weshastones.com,scheduled,https://weshastones.com/es/granite/karnak-grey/,
2026-11-27,weshastones.com,scheduled,https://weshastones.com/es/granite/new-halayeb/,
2026-11-27,weshastones.com,scheduled,https://weshastones.com/es/granite/rosa-el-nasr/,
2026-11-27,weshastones.com,scheduled,https://weshastones.com/es/marble/hashma-beige/,
2026-11-27,weshastones.com,scheduled,https://weshastones.com/es/marble/perlato-galala/,
2026-11-27,weshastones.com,scheduled,https://weshastones.com/es/marble/royal-grey/,
2026-11-27,weshastones.com,scheduled,https://weshastones.com/es/marble/sunny-medium/,
2026-11-27,weshastones.com,scheduled,https://weshastones.com/es/marble/sunny-oro-light/,
2026-11-27,weshastones.com,scheduled,https://weshastones.com/es/semi-precious/brown-agate/,
2026-11-28,weshastones.com,scheduled,https://weshastones.com/es/granite/breccia-fawakhir/,
2026-11-28,weshastones.com,scheduled,https://weshastones.com/es/granite/hurghada-red/,
2026-11-28,weshastones.com,scheduled,https://weshastones.com/es/granite/sahara-brown/,
2026-11-28,weshastones.com,scheduled,https://weshastones.com/es/marble/breccia-sinai/,
2026-11-28,weshastones.com,scheduled,https://weshastones.com/es/marble/egyptian-alabaster/,
2026-11-28,weshastones.com,scheduled,https://weshastones.com/es/marble/milly-gray/,
2026-11-28,weshastones.com,scheduled,https://weshastones.com/es/marble/sinai-pearl/,
2026-11-28,weshastones.com,scheduled,https://weshastones.com/es/quartz/cement-ash-q/,
2026-11-28,weshastones.com,scheduled,https://weshastones.com/es/quartz/pure-white-q/,
2026-11-28,weshastones.com,scheduled,https://weshastones.com/es/semi-precious/beige-onyx/,
2026-11-29,weshastones.com,scheduled,https://weshastones.com/es/granite/hoody-light/,
2026-11-29,weshastones.com,scheduled,https://weshastones.com/es/granite/rosa-marwa/,
2026-11-29,weshastones.com,scheduled,https://weshastones.com/es/granite/white-aswan/,
2026-11-29,weshastones.com,scheduled,https://weshastones.com/es/marble/golden-cream-flower/,
2026-11-29,weshastones.com,scheduled,https://weshastones.com/es/marble/imperial-grey-dark/,
2026-11-29,weshastones.com,scheduled,https://weshastones.com/es/marble/triesta/,
2026-11-29,weshastones.com,scheduled,https://weshastones.com/es/quartz/concrete-grey-q/,
2026-11-29,weshastones.com,scheduled,https://weshastones.com/es/semi-precious/ice-white-onyx/,
2026-11-29,weshastones.com,scheduled,https://weshastones.com/es/semi-precious/onyx-miele/,
2026-11-29,weshastones.com,scheduled,https://weshastones.com/es/semi-precious/petrified-wood-retro/,
2026-11-30,weshastones.com,scheduled,https://weshastones.com/es/granite/forsan-red/,
2026-11-30,weshastones.com,scheduled,https://weshastones.com/es/granite/ghazal-dark/,
2026-11-30,weshastones.com,scheduled,https://weshastones.com/es/granite/ghiandone-aswan/,
2026-11-30,weshastones.com,scheduled,https://weshastones.com/es/granite/verde-ghazal/,
2026-11-30,weshastones.com,scheduled,https://weshastones.com/es/quartz/marquina-black-q/,
2026-11-30,weshastones.com,scheduled,https://weshastones.com/es/quartz/super-white-q/,
2026-11-30,weshastones.com,scheduled,https://weshastones.com/es/semi-precious/blue-agate/,
2026-11-30,weshastones.com,scheduled,https://weshastones.com/es/semi-precious/champagne-onyx/,
2026-11-30,weshastones.com,scheduled,https://weshastones.com/es/semi-precious/ice-quartz/,
2026-11-30,weshastones.com,scheduled,https://weshastones.com/es/semi-precious/picture-jasper/,
2026-12-01,weshastones.com,scheduled,https://weshastones.com/es/marble/beige-dune/,
2026-12-01,weshastones.com,scheduled,https://weshastones.com/es/marble/cleopatra/,
2026-12-01,weshastones.com,scheduled,https://weshastones.com/es/marble/egyptian-botticino/,
2026-12-01,weshastones.com,scheduled,https://weshastones.com/es/marble/fillito/,
2026-12-01,weshastones.com,scheduled,https://weshastones.com/es/marble/galala-gold/,
2026-12-01,weshastones.com,scheduled,https://weshastones.com/es/marble/golden-cream-vein/,
2026-12-01,weshastones.com,scheduled,https://weshastones.com/es/marble/golden-sinai/,
2026-12-01,weshastones.com,scheduled,https://weshastones.com/es/quartz/sahara-gold-q/,
2026-12-01,weshastones.com,scheduled,https://weshastones.com/es/quartz/terrazzo-nile-q/,
2026-12-01,weshastones.com,scheduled,https://weshastones.com/es/semi-precious/brown-onyx/,
2026-12-02,weshastones.com,scheduled,https://weshastones.com/es/granite/halayeb/,
2026-12-02,weshastones.com,scheduled,https://weshastones.com/es/granite/rosa-sinai/,
2026-12-02,weshastones.com,scheduled,https://weshastones.com/es/semi-precious/colorful-onyx/,
2026-12-02,weshastones.com,scheduled,https://weshastones.com/es/semi-precious/dumortierite/,
2026-12-02,weshastones.com,scheduled,https://weshastones.com/es/semi-precious/green-onyx/,
2026-12-02,weshastones.com,scheduled,https://weshastones.com/es/semi-precious/grey-agate/,
2026-12-02,weshastones.com,scheduled,https://weshastones.com/es/semi-precious/ocean-jasper/,
2026-12-02,weshastones.com,scheduled,https://weshastones.com/es/semi-precious/onyx-miele-flower/,
2026-12-02,weshastones.com,scheduled,https://weshastones.com/es/semi-precious/red-dragon-onyx/,
2026-12-02,weshastones.com,scheduled,https://weshastones.com/es/semi-precious/tiger-eye/,
2026-12-03,weshastones.com,scheduled,https://weshastones.com/es/granite/verde-ghazal-light/,
2026-12-03,weshastones.com,scheduled,https://weshastones.com/es/marble/breccia-menia/,
2026-12-03,weshastones.com,scheduled,https://weshastones.com/es/marble/katrina/,
2026-12-03,weshastones.com,scheduled,https://weshastones.com/es/marble/khatmeya/,
2026-12-03,weshastones.com,scheduled,https://weshastones.com/es/marble/new-milly-gray/,
2026-12-03,weshastones.com,scheduled,https://weshastones.com/es/marble/samaha/,
2026-12-03,weshastones.com,scheduled,https://weshastones.com/es/marble/sunny-dark/,
2026-12-03,weshastones.com,scheduled,https://weshastones.com/es/quartz/calacatta-nile/,
2026-12-03,weshastones.com,scheduled,https://weshastones.com/es/semi-precious/apple-jasper/,
2026-12-03,weshastones.com,scheduled,https://weshastones.com/es/semi-precious/indian-onyx/,
2026-12-04,weshastones.com,scheduled,https://weshastones.com/de/,
2026-12-04,weshastones.com,scheduled,https://weshastones.com/de/about/,
2026-12-04,weshastones.com,scheduled,https://weshastones.com/de/partners/,
2026-12-04,weshastones.com,scheduled,https://weshastones.com/es/marble/goldi/,
2026-12-04,weshastones.com,scheduled,https://weshastones.com/es/quartz/carrara-mist/,
2026-12-04,weshastones.com,scheduled,https://weshastones.com/es/quartz/statuario-alba/,
2026-12-04,weshastones.com,scheduled,https://weshastones.com/es/semi-precious/amethyst/,
2026-12-04,weshastones.com,scheduled,https://weshastones.com/es/semi-precious/light-green-onyx/,
2026-12-04,weshastones.com,scheduled,https://weshastones.com/es/semi-precious/rose-quartz/,
2026-12-04,weshastones.com,scheduled,https://weshastones.com/es/semi-precious/yellow-quartz/,
2026-12-05,weshastones.com,scheduled,https://weshastones.com/de/contact/,
2026-12-05,weshastones.com,scheduled,https://weshastones.com/de/export/,
2026-12-05,weshastones.com,scheduled,https://weshastones.com/de/finishes/,
2026-12-05,weshastones.com,scheduled,https://weshastones.com/de/granite/,
2026-12-05,weshastones.com,scheduled,https://weshastones.com/de/marble/,
2026-12-05,weshastones.com,scheduled,https://weshastones.com/de/markets/,
2026-12-05,weshastones.com,scheduled,https://weshastones.com/de/quartz/,
2026-12-05,weshastones.com,scheduled,https://weshastones.com/de/semi-precious/,
2026-12-05,weshastones.com,scheduled,https://weshastones.com/de/stones-and-textures/,
2026-12-05,weshastones.com,scheduled,https://weshastones.com/de/stones/,
2026-12-06,weshastones.com,scheduled,https://weshastones.com/de/markets/algeria/,
2026-12-06,weshastones.com,scheduled,https://weshastones.com/de/markets/china/,
2026-12-06,weshastones.com,scheduled,https://weshastones.com/de/markets/egypt/,
2026-12-06,weshastones.com,scheduled,https://weshastones.com/de/markets/france/,
2026-12-06,weshastones.com,scheduled,https://weshastones.com/de/markets/germany/,
2026-12-06,weshastones.com,scheduled,https://weshastones.com/de/markets/hungary/,
2026-12-06,weshastones.com,scheduled,https://weshastones.com/de/markets/india/,
2026-12-06,weshastones.com,scheduled,https://weshastones.com/de/markets/iraq/,
2026-12-06,weshastones.com,scheduled,https://weshastones.com/de/markets/italy/,
2026-12-06,weshastones.com,scheduled,https://weshastones.com/de/markets/jordan/,
2026-12-07,weshastones.com,scheduled,https://weshastones.com/de/markets/kenya/,
2026-12-07,weshastones.com,scheduled,https://weshastones.com/de/markets/kuwait/,
2026-12-07,weshastones.com,scheduled,https://weshastones.com/de/markets/lebanon/,
2026-12-07,weshastones.com,scheduled,https://weshastones.com/de/markets/libya/,
2026-12-07,weshastones.com,scheduled,https://weshastones.com/de/markets/montenegro/,
2026-12-07,weshastones.com,scheduled,https://weshastones.com/de/markets/morocco/,
2026-12-07,weshastones.com,scheduled,https://weshastones.com/de/markets/qatar/,
2026-12-07,weshastones.com,scheduled,https://weshastones.com/de/markets/romania/,
2026-12-07,weshastones.com,scheduled,https://weshastones.com/de/markets/saudi-arabia/,
2026-12-07,weshastones.com,scheduled,https://weshastones.com/de/markets/spain/,
2026-12-08,weshastones.com,scheduled,https://weshastones.com/de/aegyptischer-kalkstein/,
2026-12-08,weshastones.com,scheduled,https://weshastones.com/de/granit-bodenfliesen/,
2026-12-08,weshastones.com,scheduled,https://weshastones.com/de/granit-bordsteine/,
2026-12-08,weshastones.com,scheduled,https://weshastones.com/de/granite-setts/,
2026-12-08,weshastones.com,scheduled,https://weshastones.com/de/markets/switzerland/,
2026-12-08,weshastones.com,scheduled,https://weshastones.com/de/markets/tunisia/,
2026-12-08,weshastones.com,scheduled,https://weshastones.com/de/markets/turkey/,
2026-12-08,weshastones.com,scheduled,https://weshastones.com/de/markets/united-arab-emirates/,
2026-12-08,weshastones.com,scheduled,https://weshastones.com/de/markets/united-kingdom/,
2026-12-08,weshastones.com,scheduled,https://weshastones.com/de/markets/united-states/,
2026-12-09,weshastones.com,scheduled,https://weshastones.com/de/granite/aswan-red/,
2026-12-09,weshastones.com,scheduled,https://weshastones.com/de/granite/bianco-halayeb/,
2026-12-09,weshastones.com,scheduled,https://weshastones.com/de/granite/black-aswan/,
2026-12-09,weshastones.com,scheduled,https://weshastones.com/de/granite/grey-aswan/,
2026-12-09,weshastones.com,scheduled,https://weshastones.com/de/granite/red-aswan-dark/,
2026-12-09,weshastones.com,scheduled,https://weshastones.com/de/marble/beige-menia/,
2026-12-09,weshastones.com,scheduled,https://weshastones.com/de/marble/galala-classic/,
2026-12-09,weshastones.com,scheduled,https://weshastones.com/de/marble/galala-extra/,
2026-12-09,weshastones.com,scheduled,https://weshastones.com/de/marble/sunny-menia/,
2026-12-09,weshastones.com,scheduled,https://weshastones.com/de/zuschnitt-nach-mass/,
2026-12-10,weshastones.com,scheduled,https://weshastones.com/de/granite/gandola/,
2026-12-10,weshastones.com,scheduled,https://weshastones.com/de/granite/hoody-dark/,
2026-12-10,weshastones.com,scheduled,https://weshastones.com/de/granite/red-aswan-light/,
2026-12-10,weshastones.com,scheduled,https://weshastones.com/de/granite/white-safaga/,
2026-12-10,weshastones.com,scheduled,https://weshastones.com/de/marble/crema-egypt/,
2026-12-10,weshastones.com,scheduled,https://weshastones.com/de/marble/hashma-beige/,
2026-12-10,weshastones.com,scheduled,https://weshastones.com/de/marble/imperial-grey/,
2026-12-10,weshastones.com,scheduled,https://weshastones.com/de/marble/royal-beige/,
2026-12-10,weshastones.com,scheduled,https://weshastones.com/de/marble/silvia-menia/,
2026-12-10,weshastones.com,scheduled,https://weshastones.com/de/marble/sunny-oro/,
2026-12-11,weshastones.com,scheduled,https://weshastones.com/de/granite/grey-el-sherka/,
2026-12-11,weshastones.com,scheduled,https://weshastones.com/de/granite/karnak-grey/,
2026-12-11,weshastones.com,scheduled,https://weshastones.com/de/granite/new-halayeb/,
2026-12-11,weshastones.com,scheduled,https://weshastones.com/de/granite/rosa-el-nasr/,
2026-12-11,weshastones.com,scheduled,https://weshastones.com/de/marble/milly-gray/,
2026-12-11,weshastones.com,scheduled,https://weshastones.com/de/marble/perlato-galala/,
2026-12-11,weshastones.com,scheduled,https://weshastones.com/de/marble/royal-grey/,
2026-12-11,weshastones.com,scheduled,https://weshastones.com/de/marble/sunny-medium/,
2026-12-11,weshastones.com,scheduled,https://weshastones.com/de/marble/sunny-oro-light/,
2026-12-11,weshastones.com,scheduled,https://weshastones.com/de/semi-precious/brown-agate/,
2026-12-12,weshastones.com,scheduled,https://weshastones.com/de/granite/breccia-fawakhir/,
2026-12-12,weshastones.com,scheduled,https://weshastones.com/de/granite/hurghada-red/,
2026-12-12,weshastones.com,scheduled,https://weshastones.com/de/granite/sahara-brown/,
2026-12-12,weshastones.com,scheduled,https://weshastones.com/de/marble/breccia-sinai/,
2026-12-12,weshastones.com,scheduled,https://weshastones.com/de/marble/egyptian-alabaster/,
2026-12-12,weshastones.com,scheduled,https://weshastones.com/de/marble/sinai-pearl/,
2026-12-12,weshastones.com,scheduled,https://weshastones.com/de/quartz/cement-ash-q/,
2026-12-12,weshastones.com,scheduled,https://weshastones.com/de/quartz/pure-white-q/,
2026-12-12,weshastones.com,scheduled,https://weshastones.com/de/semi-precious/beige-onyx/,
2026-12-12,weshastones.com,scheduled,https://weshastones.com/de/semi-precious/ice-white-onyx/,
2026-12-13,weshastones.com,scheduled,https://weshastones.com/de/granite/hoody-light/,
2026-12-13,weshastones.com,scheduled,https://weshastones.com/de/granite/rosa-marwa/,
2026-12-13,weshastones.com,scheduled,https://weshastones.com/de/granite/white-aswan/,
2026-12-13,weshastones.com,scheduled,https://weshastones.com/de/marble/golden-cream-flower/,
2026-12-13,weshastones.com,scheduled,https://weshastones.com/de/marble/golden-sinai/,
2026-12-13,weshastones.com,scheduled,https://weshastones.com/de/marble/imperial-grey-dark/,
2026-12-13,weshastones.com,scheduled,https://weshastones.com/de/marble/triesta/,
2026-12-13,weshastones.com,scheduled,https://weshastones.com/de/quartz/concrete-grey-q/,
2026-12-13,weshastones.com,scheduled,https://weshastones.com/de/semi-precious/onyx-miele/,
2026-12-13,weshastones.com,scheduled,https://weshastones.com/de/semi-precious/petrified-wood-retro/,
2026-12-14,weshastones.com,scheduled,https://weshastones.com/de/granite/forsan-red/,
2026-12-14,weshastones.com,scheduled,https://weshastones.com/de/granite/ghazal-dark/,
2026-12-14,weshastones.com,scheduled,https://weshastones.com/de/granite/ghiandone-aswan/,
2026-12-14,weshastones.com,scheduled,https://weshastones.com/de/granite/verde-ghazal/,
2026-12-14,weshastones.com,scheduled,https://weshastones.com/de/quartz/marquina-black-q/,
2026-12-14,weshastones.com,scheduled,https://weshastones.com/de/quartz/super-white-q/,
2026-12-14,weshastones.com,scheduled,https://weshastones.com/de/semi-precious/blue-agate/,
2026-12-14,weshastones.com,scheduled,https://weshastones.com/de/semi-precious/champagne-onyx/,
2026-12-14,weshastones.com,scheduled,https://weshastones.com/de/semi-precious/ice-quartz/,
2026-12-14,weshastones.com,scheduled,https://weshastones.com/de/semi-precious/picture-jasper/,
2026-12-15,weshastones.com,scheduled,https://weshastones.com/de/marble/beige-dune/,
2026-12-15,weshastones.com,scheduled,https://weshastones.com/de/marble/cleopatra/,
2026-12-15,weshastones.com,scheduled,https://weshastones.com/de/marble/egyptian-botticino/,
2026-12-15,weshastones.com,scheduled,https://weshastones.com/de/marble/fillito/,
2026-12-15,weshastones.com,scheduled,https://weshastones.com/de/marble/galala-gold/,
2026-12-15,weshastones.com,scheduled,https://weshastones.com/de/marble/golden-cream-vein/,
2026-12-15,weshastones.com,scheduled,https://weshastones.com/de/quartz/sahara-gold-q/,
2026-12-15,weshastones.com,scheduled,https://weshastones.com/de/quartz/terrazzo-nile-q/,
2026-12-15,weshastones.com,scheduled,https://weshastones.com/de/semi-precious/brown-onyx/,
2026-12-15,weshastones.com,scheduled,https://weshastones.com/de/semi-precious/colorful-onyx/,
2026-12-16,weshastones.com,scheduled,https://weshastones.com/de/granite/halayeb/,
2026-12-16,weshastones.com,scheduled,https://weshastones.com/de/granite/rosa-sinai/,
2026-12-16,weshastones.com,scheduled,https://weshastones.com/de/marble/breccia-menia/,
2026-12-16,weshastones.com,scheduled,https://weshastones.com/de/semi-precious/dumortierite/,
2026-12-16,weshastones.com,scheduled,https://weshastones.com/de/semi-precious/green-onyx/,
2026-12-16,weshastones.com,scheduled,https://weshastones.com/de/semi-precious/grey-agate/,
2026-12-16,weshastones.com,scheduled,https://weshastones.com/de/semi-precious/ocean-jasper/,
2026-12-16,weshastones.com,scheduled,https://weshastones.com/de/semi-precious/onyx-miele-flower/,
2026-12-16,weshastones.com,scheduled,https://weshastones.com/de/semi-precious/red-dragon-onyx/,
2026-12-16,weshastones.com,scheduled,https://weshastones.com/de/semi-precious/tiger-eye/,
2026-12-17,weshastones.com,scheduled,https://weshastones.com/de/granite/verde-ghazal-light/,
2026-12-17,weshastones.com,scheduled,https://weshastones.com/de/marble/katrina/,
2026-12-17,weshastones.com,scheduled,https://weshastones.com/de/marble/khatmeya/,
2026-12-17,weshastones.com,scheduled,https://weshastones.com/de/marble/new-milly-gray/,
2026-12-17,weshastones.com,scheduled,https://weshastones.com/de/marble/samaha/,
2026-12-17,weshastones.com,scheduled,https://weshastones.com/de/marble/sunny-dark/,
2026-12-17,weshastones.com,scheduled,https://weshastones.com/de/quartz/calacatta-nile/,
2026-12-17,weshastones.com,scheduled,https://weshastones.com/de/quartz/carrara-mist/,
2026-12-17,weshastones.com,scheduled,https://weshastones.com/de/semi-precious/apple-jasper/,
2026-12-17,weshastones.com,scheduled,https://weshastones.com/de/semi-precious/indian-onyx/,
2026-12-18,weshastones.com,scheduled,https://weshastones.com/de/marble/goldi/,
2026-12-18,weshastones.com,scheduled,https://weshastones.com/de/quartz/statuario-alba/,
2026-12-18,weshastones.com,scheduled,https://weshastones.com/de/semi-precious/amethyst/,
2026-12-18,weshastones.com,scheduled,https://weshastones.com/de/semi-precious/light-green-onyx/,
2026-12-18,weshastones.com,scheduled,https://weshastones.com/de/semi-precious/rose-quartz/,
2026-12-18,weshastones.com,scheduled,https://weshastones.com/de/semi-precious/yellow-quartz/,
2026-12-18,weshastones.com,scheduled,https://weshastones.com/tr/,
2026-12-18,weshastones.com,scheduled,https://weshastones.com/tr/about/,
2026-12-18,weshastones.com,scheduled,https://weshastones.com/tr/contact/,
2026-12-18,weshastones.com,scheduled,https://weshastones.com/tr/partners/,
2026-12-19,weshastones.com,scheduled,https://weshastones.com/tr/export/,
2026-12-19,weshastones.com,scheduled,https://weshastones.com/tr/finishes/,
2026-12-19,weshastones.com,scheduled,https://weshastones.com/tr/granite/,
2026-12-19,weshastones.com,scheduled,https://weshastones.com/tr/marble/,
2026-12-19,weshastones.com,scheduled,https://weshastones.com/tr/markets/,
2026-12-19,weshastones.com,scheduled,https://weshastones.com/tr/markets/algeria/,
2026-12-19,weshastones.com,scheduled,https://weshastones.com/tr/quartz/,
2026-12-19,weshastones.com,scheduled,https://weshastones.com/tr/semi-precious/,
2026-12-19,weshastones.com,scheduled,https://weshastones.com/tr/stones-and-textures/,
2026-12-19,weshastones.com,scheduled,https://weshastones.com/tr/stones/,
2026-12-20,weshastones.com,scheduled,https://weshastones.com/tr/markets/china/,
2026-12-20,weshastones.com,scheduled,https://weshastones.com/tr/markets/egypt/,
2026-12-20,weshastones.com,scheduled,https://weshastones.com/tr/markets/france/,
2026-12-20,weshastones.com,scheduled,https://weshastones.com/tr/markets/germany/,
2026-12-20,weshastones.com,scheduled,https://weshastones.com/tr/markets/hungary/,
2026-12-20,weshastones.com,scheduled,https://weshastones.com/tr/markets/india/,
2026-12-20,weshastones.com,scheduled,https://weshastones.com/tr/markets/iraq/,
2026-12-20,weshastones.com,scheduled,https://weshastones.com/tr/markets/italy/,
2026-12-20,weshastones.com,scheduled,https://weshastones.com/tr/markets/jordan/,
2026-12-20,weshastones.com,scheduled,https://weshastones.com/tr/markets/kenya/,
2026-12-21,weshastones.com,scheduled,https://weshastones.com/tr/markets/kuwait/,
2026-12-21,weshastones.com,scheduled,https://weshastones.com/tr/markets/lebanon/,
2026-12-21,weshastones.com,scheduled,https://weshastones.com/tr/markets/libya/,
2026-12-21,weshastones.com,scheduled,https://weshastones.com/tr/markets/montenegro/,
2026-12-21,weshastones.com,scheduled,https://weshastones.com/tr/markets/morocco/,
2026-12-21,weshastones.com,scheduled,https://weshastones.com/tr/markets/qatar/,
2026-12-21,weshastones.com,scheduled,https://weshastones.com/tr/markets/romania/,
2026-12-21,weshastones.com,scheduled,https://weshastones.com/tr/markets/saudi-arabia/,
2026-12-21,weshastones.com,scheduled,https://weshastones.com/tr/markets/spain/,
2026-12-21,weshastones.com,scheduled,https://weshastones.com/tr/markets/switzerland/,
2026-12-22,weshastones.com,scheduled,https://weshastones.com/tr/granit-bordur/,
2026-12-22,weshastones.com,scheduled,https://weshastones.com/tr/granit-yer-karosu/,
2026-12-22,weshastones.com,scheduled,https://weshastones.com/tr/granite-setts/,
2026-12-22,weshastones.com,scheduled,https://weshastones.com/tr/granite/grey-aswan/,
2026-12-22,weshastones.com,scheduled,https://weshastones.com/tr/markets/tunisia/,
2026-12-22,weshastones.com,scheduled,https://weshastones.com/tr/markets/turkey/,
2026-12-22,weshastones.com,scheduled,https://weshastones.com/tr/markets/united-arab-emirates/,
2026-12-22,weshastones.com,scheduled,https://weshastones.com/tr/markets/united-kingdom/,
2026-12-22,weshastones.com,scheduled,https://weshastones.com/tr/markets/united-states/,
2026-12-22,weshastones.com,scheduled,https://weshastones.com/tr/olcuye-gore-kesim/,
2026-12-23,weshastones.com,scheduled,https://weshastones.com/tr/granite/aswan-red/,
2026-12-23,weshastones.com,scheduled,https://weshastones.com/tr/granite/bianco-halayeb/,
2026-12-23,weshastones.com,scheduled,https://weshastones.com/tr/granite/black-aswan/,
2026-12-23,weshastones.com,scheduled,https://weshastones.com/tr/granite/gandola/,
2026-12-23,weshastones.com,scheduled,https://weshastones.com/tr/granite/red-aswan-dark/,
2026-12-23,weshastones.com,scheduled,https://weshastones.com/tr/marble/beige-menia/,
2026-12-23,weshastones.com,scheduled,https://weshastones.com/tr/marble/galala-classic/,
2026-12-23,weshastones.com,scheduled,https://weshastones.com/tr/marble/royal-beige/,
2026-12-23,weshastones.com,scheduled,https://weshastones.com/tr/marble/silvia-menia/,
2026-12-23,weshastones.com,scheduled,https://weshastones.com/tr/marble/sunny-menia/,
2026-12-24,weshastones.com,scheduled,https://weshastones.com/tr/granite/hoody-dark/,
2026-12-24,weshastones.com,scheduled,https://weshastones.com/tr/granite/red-aswan-light/,
2026-12-24,weshastones.com,scheduled,https://weshastones.com/tr/granite/white-safaga/,
2026-12-24,weshastones.com,scheduled,https://weshastones.com/tr/marble/crema-egypt/,
2026-12-24,weshastones.com,scheduled,https://weshastones.com/tr/marble/galala-extra/,
2026-12-24,weshastones.com,scheduled,https://weshastones.com/tr/marble/imperial-grey/,
2026-12-24,weshastones.com,scheduled,https://weshastones.com/tr/marble/perlato-galala/,
2026-12-24,weshastones.com,scheduled,https://weshastones.com/tr/marble/royal-grey/,
2026-12-24,weshastones.com,scheduled,https://weshastones.com/tr/marble/sunny-medium/,
2026-12-24,weshastones.com,scheduled,https://weshastones.com/tr/marble/sunny-oro/,
2026-12-25,weshastones.com,scheduled,https://weshastones.com/tr/granite/breccia-fawakhir/,
2026-12-25,weshastones.com,scheduled,https://weshastones.com/tr/granite/grey-el-sherka/,
2026-12-25,weshastones.com,scheduled,https://weshastones.com/tr/granite/hurghada-red/,
2026-12-25,weshastones.com,scheduled,https://weshastones.com/tr/granite/karnak-grey/,
2026-12-25,weshastones.com,scheduled,https://weshastones.com/tr/granite/new-halayeb/,
2026-12-25,weshastones.com,scheduled,https://weshastones.com/tr/granite/rosa-el-nasr/,
2026-12-25,weshastones.com,scheduled,https://weshastones.com/tr/marble/hashma-beige/,
2026-12-25,weshastones.com,scheduled,https://weshastones.com/tr/marble/milly-gray/,
2026-12-25,weshastones.com,scheduled,https://weshastones.com/tr/marble/sunny-oro-light/,
2026-12-25,weshastones.com,scheduled,https://weshastones.com/tr/semi-precious/brown-agate/,
2026-12-26,weshastones.com,scheduled,https://weshastones.com/tr/granite/sahara-brown/,
2026-12-26,weshastones.com,scheduled,https://weshastones.com/tr/marble/breccia-sinai/,
2026-12-26,weshastones.com,scheduled,https://weshastones.com/tr/marble/egyptian-alabaster/,
2026-12-26,weshastones.com,scheduled,https://weshastones.com/tr/marble/sinai-pearl/,
2026-12-26,weshastones.com,scheduled,https://weshastones.com/tr/quartz/cement-ash-q/,
2026-12-26,weshastones.com,scheduled,https://weshastones.com/tr/quartz/pure-white-q/,
2026-12-26,weshastones.com,scheduled,https://weshastones.com/tr/semi-precious/beige-onyx/,
2026-12-26,weshastones.com,scheduled,https://weshastones.com/tr/semi-precious/ice-white-onyx/,
2026-12-26,weshastones.com,scheduled,https://weshastones.com/tr/semi-precious/onyx-miele/,
2026-12-26,weshastones.com,scheduled,https://weshastones.com/tr/semi-precious/petrified-wood-retro/,
2026-12-27,weshastones.com,scheduled,https://weshastones.com/tr/granite/hoody-light/,
2026-12-27,weshastones.com,scheduled,https://weshastones.com/tr/granite/rosa-marwa/,
2026-12-27,weshastones.com,scheduled,https://weshastones.com/tr/granite/white-aswan/,
2026-12-27,weshastones.com,scheduled,https://weshastones.com/tr/marble/golden-cream-flower/,
2026-12-27,weshastones.com,scheduled,https://weshastones.com/tr/marble/imperial-grey-dark/,
2026-12-27,weshastones.com,scheduled,https://weshastones.com/tr/marble/triesta/,
2026-12-27,weshastones.com,scheduled,https://weshastones.com/tr/quartz/concrete-grey-q/,
2026-12-27,weshastones.com,scheduled,https://weshastones.com/tr/quartz/marquina-black-q/,
2026-12-27,weshastones.com,scheduled,https://weshastones.com/tr/quartz/super-white-q/,
2026-12-27,weshastones.com,scheduled,https://weshastones.com/tr/semi-precious/blue-agate/,
2026-12-28,weshastones.com,scheduled,https://weshastones.com/tr/granite/forsan-red/,
2026-12-28,weshastones.com,scheduled,https://weshastones.com/tr/granite/ghazal-dark/,
2026-12-28,weshastones.com,scheduled,https://weshastones.com/tr/granite/ghiandone-aswan/,
2026-12-28,weshastones.com,scheduled,https://weshastones.com/tr/granite/verde-ghazal/,
2026-12-28,weshastones.com,scheduled,https://weshastones.com/tr/marble/beige-dune/,
2026-12-28,weshastones.com,scheduled,https://weshastones.com/tr/marble/cleopatra/,
2026-12-28,weshastones.com,scheduled,https://weshastones.com/tr/marble/egyptian-botticino/,
2026-12-28,weshastones.com,scheduled,https://weshastones.com/tr/semi-precious/champagne-onyx/,
2026-12-28,weshastones.com,scheduled,https://weshastones.com/tr/semi-precious/ice-quartz/,
2026-12-28,weshastones.com,scheduled,https://weshastones.com/tr/semi-precious/picture-jasper/,
2026-12-29,weshastones.com,scheduled,https://weshastones.com/tr/marble/fillito/,
2026-12-29,weshastones.com,scheduled,https://weshastones.com/tr/marble/galala-gold/,
2026-12-29,weshastones.com,scheduled,https://weshastones.com/tr/marble/golden-cream-vein/,
2026-12-29,weshastones.com,scheduled,https://weshastones.com/tr/marble/golden-sinai/,
2026-12-29,weshastones.com,scheduled,https://weshastones.com/tr/quartz/sahara-gold-q/,
2026-12-29,weshastones.com,scheduled,https://weshastones.com/tr/quartz/terrazzo-nile-q/,
2026-12-29,weshastones.com,scheduled,https://weshastones.com/tr/semi-precious/brown-onyx/,
2026-12-29,weshastones.com,scheduled,https://weshastones.com/tr/semi-precious/colorful-onyx/,
2026-12-29,weshastones.com,scheduled,https://weshastones.com/tr/semi-precious/dumortierite/,
2026-12-29,weshastones.com,scheduled,https://weshastones.com/tr/semi-precious/green-onyx/,
2026-12-30,weshastones.com,scheduled,https://weshastones.com/tr/granite/halayeb/,
2026-12-30,weshastones.com,scheduled,https://weshastones.com/tr/granite/rosa-sinai/,
2026-12-30,weshastones.com,scheduled,https://weshastones.com/tr/marble/breccia-menia/,
2026-12-30,weshastones.com,scheduled,https://weshastones.com/tr/marble/new-milly-gray/,
2026-12-30,weshastones.com,scheduled,https://weshastones.com/tr/marble/samaha/,
2026-12-30,weshastones.com,scheduled,https://weshastones.com/tr/semi-precious/grey-agate/,
2026-12-30,weshastones.com,scheduled,https://weshastones.com/tr/semi-precious/ocean-jasper/,
2026-12-30,weshastones.com,scheduled,https://weshastones.com/tr/semi-precious/onyx-miele-flower/,
2026-12-30,weshastones.com,scheduled,https://weshastones.com/tr/semi-precious/red-dragon-onyx/,
2026-12-30,weshastones.com,scheduled,https://weshastones.com/tr/semi-precious/tiger-eye/,
2026-12-31,weshastones.com,scheduled,https://weshastones.com/tr/granite/verde-ghazal-light/,
2026-12-31,weshastones.com,scheduled,https://weshastones.com/tr/marble/katrina/,
2026-12-31,weshastones.com,scheduled,https://weshastones.com/tr/marble/khatmeya/,
2026-12-31,weshastones.com,scheduled,https://weshastones.com/tr/marble/sunny-dark/,
2026-12-31,weshastones.com,scheduled,https://weshastones.com/tr/quartz/calacatta-nile/,
2026-12-31,weshastones.com,scheduled,https://weshastones.com/tr/quartz/carrara-mist/,
2026-12-31,weshastones.com,scheduled,https://weshastones.com/tr/semi-precious/amethyst/,
2026-12-31,weshastones.com,scheduled,https://weshastones.com/tr/semi-precious/apple-jasper/,
2026-12-31,weshastones.com,scheduled,https://weshastones.com/tr/semi-precious/indian-onyx/,
2026-12-31,weshastones.com,scheduled,https://weshastones.com/tr/semi-precious/light-green-onyx/,
2027-01-01,weshastones.com,scheduled,https://weshastones.com/hu/,
2027-01-01,weshastones.com,scheduled,https://weshastones.com/hu/about/,
2027-01-01,weshastones.com,scheduled,https://weshastones.com/hu/contact/,
2027-01-01,weshastones.com,scheduled,https://weshastones.com/hu/export/,
2027-01-01,weshastones.com,scheduled,https://weshastones.com/hu/finishes/,
2027-01-01,weshastones.com,scheduled,https://weshastones.com/hu/partners/,
2027-01-01,weshastones.com,scheduled,https://weshastones.com/tr/marble/goldi/,
2027-01-01,weshastones.com,scheduled,https://weshastones.com/tr/quartz/statuario-alba/,
2027-01-01,weshastones.com,scheduled,https://weshastones.com/tr/semi-precious/rose-quartz/,
2027-01-01,weshastones.com,scheduled,https://weshastones.com/tr/semi-precious/yellow-quartz/,
2027-01-02,weshastones.com,scheduled,https://weshastones.com/hu/granite/,
2027-01-02,weshastones.com,scheduled,https://weshastones.com/hu/marble/,
2027-01-02,weshastones.com,scheduled,https://weshastones.com/hu/markets/,
2027-01-02,weshastones.com,scheduled,https://weshastones.com/hu/markets/algeria/,
2027-01-02,weshastones.com,scheduled,https://weshastones.com/hu/markets/china/,
2027-01-02,weshastones.com,scheduled,https://weshastones.com/hu/markets/egypt/,
2027-01-02,weshastones.com,scheduled,https://weshastones.com/hu/quartz/,
2027-01-02,weshastones.com,scheduled,https://weshastones.com/hu/semi-precious/,
2027-01-02,weshastones.com,scheduled,https://weshastones.com/hu/stones-and-textures/,
2027-01-02,weshastones.com,scheduled,https://weshastones.com/hu/stones/,
2027-01-03,weshastones.com,scheduled,https://weshastones.com/hu/markets/france/,
2027-01-03,weshastones.com,scheduled,https://weshastones.com/hu/markets/germany/,
2027-01-03,weshastones.com,scheduled,https://weshastones.com/hu/markets/hungary/,
2027-01-03,weshastones.com,scheduled,https://weshastones.com/hu/markets/india/,
2027-01-03,weshastones.com,scheduled,https://weshastones.com/hu/markets/iraq/,
2027-01-03,weshastones.com,scheduled,https://weshastones.com/hu/markets/italy/,
2027-01-03,weshastones.com,scheduled,https://weshastones.com/hu/markets/jordan/,
2027-01-03,weshastones.com,scheduled,https://weshastones.com/hu/markets/kenya/,
2027-01-03,weshastones.com,scheduled,https://weshastones.com/hu/markets/kuwait/,
2027-01-03,weshastones.com,scheduled,https://weshastones.com/hu/markets/lebanon/,
2027-01-04,weshastones.com,scheduled,https://weshastones.com/hu/markets/libya/,
2027-01-04,weshastones.com,scheduled,https://weshastones.com/hu/markets/montenegro/,
2027-01-04,weshastones.com,scheduled,https://weshastones.com/hu/markets/morocco/,
2027-01-04,weshastones.com,scheduled,https://weshastones.com/hu/markets/qatar/,
2027-01-04,weshastones.com,scheduled,https://weshastones.com/hu/markets/romania/,
2027-01-04,weshastones.com,scheduled,https://weshastones.com/hu/markets/saudi-arabia/,
2027-01-04,weshastones.com,scheduled,https://weshastones.com/hu/markets/spain/,
2027-01-04,weshastones.com,scheduled,https://weshastones.com/hu/markets/switzerland/,
2027-01-04,weshastones.com,scheduled,https://weshastones.com/hu/markets/tunisia/,
2027-01-04,weshastones.com,scheduled,https://weshastones.com/hu/markets/turkey/,
2027-01-05,weshastones.com,scheduled,https://weshastones.com/hu/granite/aswan-red/,
2027-01-05,weshastones.com,scheduled,https://weshastones.com/hu/granite/black-aswan/,
2027-01-05,weshastones.com,scheduled,https://weshastones.com/hu/granite/grey-aswan/,
2027-01-05,weshastones.com,scheduled,https://weshastones.com/hu/marble/beige-menia/,
2027-01-05,weshastones.com,scheduled,https://weshastones.com/hu/marble/galala-classic/,
2027-01-05,weshastones.com,scheduled,https://weshastones.com/hu/marble/royal-beige/,
2027-01-05,weshastones.com,scheduled,https://weshastones.com/hu/marble/sunny-menia/,
2027-01-05,weshastones.com,scheduled,https://weshastones.com/hu/markets/united-arab-emirates/,
2027-01-05,weshastones.com,scheduled,https://weshastones.com/hu/markets/united-kingdom/,
2027-01-05,weshastones.com,scheduled,https://weshastones.com/hu/markets/united-states/,
2027-01-06,weshastones.com,scheduled,https://weshastones.com/hu/granite/bianco-halayeb/,
2027-01-06,weshastones.com,scheduled,https://weshastones.com/hu/granite/gandola/,
2027-01-06,weshastones.com,scheduled,https://weshastones.com/hu/granite/red-aswan-dark/,
2027-01-06,weshastones.com,scheduled,https://weshastones.com/hu/marble/crema-egypt/,
2027-01-06,weshastones.com,scheduled,https://weshastones.com/hu/marble/galala-extra/,
2027-01-06,weshastones.com,scheduled,https://weshastones.com/hu/marble/imperial-grey/,
2027-01-06,weshastones.com,scheduled,https://weshastones.com/hu/marble/perlato-galala/,
2027-01-06,weshastones.com,scheduled,https://weshastones.com/hu/marble/royal-grey/,
2027-01-06,weshastones.com,scheduled,https://weshastones.com/hu/marble/silvia-menia/,
2027-01-06,weshastones.com,scheduled,https://weshastones.com/hu/marble/sunny-oro/,
2027-01-07,weshastones.com,scheduled,https://weshastones.com/hu/granite/breccia-fawakhir/,
2027-01-07,weshastones.com,scheduled,https://weshastones.com/hu/granite/hoody-dark/,
2027-01-07,weshastones.com,scheduled,https://weshastones.com/hu/granite/red-aswan-light/,
2027-01-07,weshastones.com,scheduled,https://weshastones.com/hu/granite/white-safaga/,
2027-01-07,weshastones.com,scheduled,https://weshastones.com/hu/marble/breccia-sinai/,
2027-01-07,weshastones.com,scheduled,https://weshastones.com/hu/marble/hashma-beige/,
2027-01-07,weshastones.com,scheduled,https://weshastones.com/hu/marble/milly-gray/,
2027-01-07,weshastones.com,scheduled,https://weshastones.com/hu/marble/sunny-medium/,
2027-01-07,weshastones.com,scheduled,https://weshastones.com/hu/marble/sunny-oro-light/,
2027-01-07,weshastones.com,scheduled,https://weshastones.com/hu/semi-precious/brown-agate/,
2027-01-08,weshastones.com,scheduled,https://weshastones.com/hu/granite/grey-el-sherka/,
2027-01-08,weshastones.com,scheduled,https://weshastones.com/hu/granite/karnak-grey/,
2027-01-08,weshastones.com,scheduled,https://weshastones.com/hu/marble/egyptian-alabaster/,
2027-01-08,weshastones.com,scheduled,https://weshastones.com/hu/marble/sinai-pearl/,
2027-01-08,weshastones.com,scheduled,https://weshastones.com/hu/quartz/cement-ash-q/,
2027-01-08,weshastones.com,scheduled,https://weshastones.com/hu/quartz/pure-white-q/,
2027-01-08,weshastones.com,scheduled,https://weshastones.com/hu/semi-precious/beige-onyx/,
2027-01-08,weshastones.com,scheduled,https://weshastones.com/hu/semi-precious/ice-white-onyx/,
2027-01-08,weshastones.com,scheduled,https://weshastones.com/hu/semi-precious/onyx-miele/,
2027-01-08,weshastones.com,scheduled,https://weshastones.com/hu/semi-precious/petrified-wood-retro/,
2027-01-09,weshastones.com,scheduled,https://weshastones.com/hu/granite/rosa-el-nasr/,
2027-01-09,weshastones.com,scheduled,https://weshastones.com/hu/marble/golden-cream-flower/,
2027-01-09,weshastones.com,scheduled,https://weshastones.com/hu/marble/imperial-grey-dark/,
2027-01-09,weshastones.com,scheduled,https://weshastones.com/hu/marble/triesta/,
2027-01-09,weshastones.com,scheduled,https://weshastones.com/hu/quartz/concrete-grey-q/,
2027-01-09,weshastones.com,scheduled,https://weshastones.com/hu/quartz/marquina-black-q/,
2027-01-09,weshastones.com,scheduled,https://weshastones.com/hu/quartz/super-white-q/,
2027-01-09,weshastones.com,scheduled,https://weshastones.com/hu/semi-precious/blue-agate/,
2027-01-09,weshastones.com,scheduled,https://weshastones.com/hu/semi-precious/champagne-onyx/,
2027-01-09,weshastones.com,scheduled,https://weshastones.com/hu/semi-precious/ice-quartz/,
2027-01-10,weshastones.com,scheduled,https://weshastones.com/hu/granite/forsan-red/,
2027-01-10,weshastones.com,scheduled,https://weshastones.com/hu/granite/ghazal-dark/,
2027-01-10,weshastones.com,scheduled,https://weshastones.com/hu/granite/ghiandone-aswan/,
2027-01-10,weshastones.com,scheduled,https://weshastones.com/hu/granite/hurghada-red/,
2027-01-10,weshastones.com,scheduled,https://weshastones.com/hu/granite/new-halayeb/,
2027-01-10,weshastones.com,scheduled,https://weshastones.com/hu/granite/rosa-marwa/,
2027-01-10,weshastones.com,scheduled,https://weshastones.com/hu/granite/sahara-brown/,
2027-01-10,weshastones.com,scheduled,https://weshastones.com/hu/granite/verde-ghazal/,
2027-01-10,weshastones.com,scheduled,https://weshastones.com/hu/marble/beige-dune/,
2027-01-10,weshastones.com,scheduled,https://weshastones.com/hu/semi-precious/picture-jasper/,
2027-01-11,weshastones.com,scheduled,https://weshastones.com/hu/marble/cleopatra/,
2027-01-11,weshastones.com,scheduled,https://weshastones.com/hu/marble/egyptian-botticino/,
2027-01-11,weshastones.com,scheduled,https://weshastones.com/hu/marble/fillito/,
2027-01-11,weshastones.com,scheduled,https://weshastones.com/hu/marble/galala-gold/,
2027-01-11,weshastones.com,scheduled,https://weshastones.com/hu/marble/golden-cream-vein/,
2027-01-11,weshastones.com,scheduled,https://weshastones.com/hu/marble/golden-sinai/,
2027-01-11,weshastones.com,scheduled,https://weshastones.com/hu/quartz/sahara-gold-q/,
2027-01-11,weshastones.com,scheduled,https://weshastones.com/hu/quartz/terrazzo-nile-q/,
2027-01-11,weshastones.com,scheduled,https://weshastones.com/hu/semi-precious/brown-onyx/,
2027-01-11,weshastones.com,scheduled,https://weshastones.com/hu/semi-precious/colorful-onyx/,
2027-01-12,weshastones.com,scheduled,https://weshastones.com/hu/granite/hoody-light/,
2027-01-12,weshastones.com,scheduled,https://weshastones.com/hu/granite/rosa-sinai/,
2027-01-12,weshastones.com,scheduled,https://weshastones.com/hu/granite/white-aswan/,
2027-01-12,weshastones.com,scheduled,https://weshastones.com/hu/semi-precious/dumortierite/,
2027-01-12,weshastones.com,scheduled,https://weshastones.com/hu/semi-precious/green-onyx/,
2027-01-12,weshastones.com,scheduled,https://weshastones.com/hu/semi-precious/grey-agate/,
2027-01-12,weshastones.com,scheduled,https://weshastones.com/hu/semi-precious/ocean-jasper/,
2027-01-12,weshastones.com,scheduled,https://weshastones.com/hu/semi-precious/onyx-miele-flower/,
2027-01-12,weshastones.com,scheduled,https://weshastones.com/hu/semi-precious/red-dragon-onyx/,
2027-01-12,weshastones.com,scheduled,https://weshastones.com/hu/semi-precious/tiger-eye/,
2027-01-13,weshastones.com,scheduled,https://weshastones.com/hu/granite/verde-ghazal-light/,
2027-01-13,weshastones.com,scheduled,https://weshastones.com/hu/marble/breccia-menia/,
2027-01-13,weshastones.com,scheduled,https://weshastones.com/hu/marble/katrina/,
2027-01-13,weshastones.com,scheduled,https://weshastones.com/hu/marble/khatmeya/,
2027-01-13,weshastones.com,scheduled,https://weshastones.com/hu/marble/new-milly-gray/,
2027-01-13,weshastones.com,scheduled,https://weshastones.com/hu/marble/samaha/,
2027-01-13,weshastones.com,scheduled,https://weshastones.com/hu/marble/sunny-dark/,
2027-01-13,weshastones.com,scheduled,https://weshastones.com/hu/quartz/calacatta-nile/,
2027-01-13,weshastones.com,scheduled,https://weshastones.com/hu/semi-precious/apple-jasper/,
2027-01-13,weshastones.com,scheduled,https://weshastones.com/hu/semi-precious/indian-onyx/,
2027-01-14,weshastones.com,scheduled,https://weshastones.com/hu/granite/halayeb/,
2027-01-14,weshastones.com,scheduled,https://weshastones.com/hu/marble/goldi/,
2027-01-14,weshastones.com,scheduled,https://weshastones.com/hu/quartz/carrara-mist/,
2027-01-14,weshastones.com,scheduled,https://weshastones.com/hu/quartz/statuario-alba/,
2027-01-14,weshastones.com,scheduled,https://weshastones.com/hu/semi-precious/amethyst/,
2027-01-14,weshastones.com,scheduled,https://weshastones.com/hu/semi-precious/light-green-onyx/,
2027-01-14,weshastones.com,scheduled,https://weshastones.com/hu/semi-precious/rose-quartz/,
2027-01-14,weshastones.com,scheduled,https://weshastones.com/hu/semi-precious/yellow-quartz/,
2027-01-14,weshastones.com,scheduled,https://weshastones.com/zh/partners/,
